,2025-12-31,2024-12-31,2023-12-31,2022-12-31
Tax Effect Of Unusual Items,-1215000.0,11922390.722569,-3607200.0,-20700000.0
Tax Rate For Calcs,0.243,0.264942,0.3006,0.345
Normalized EBITDA,3174000000.0,2468000000.0,1333000000.0,1960000000.0
Total Unusual Items,-5000000.0,45000000.0,-12000000.0,-60000000.0
Total Unusual Items Excluding Goodwill,-5000000.0,45000000.0,-12000000.0,-60000000.0
Net Income From Continuing Operation Net Minority Interest,1332000000.0,756000000.0,-119000000.0,228000000.0
Reconciled Depreciation,1121000000.0,1171000000.0,1096000000.0,1375000000.0
Reconciled Cost Of Revenue,12006000000.0,11658000000.0,11244000000.0,11867000000.0
EBITDA,3169000000.0,2513000000.0,1321000000.0,1900000000.0
EBIT,2048000000.0,1342000000.0,225000000.0,525000000.0
Net Interest Income,-158000000.0,-122000000.0,-83000000.0,-115000000.0
Interest Expense,228000000.0,221000000.0,160000000.0,137000000.0
Interest Income,58000000.0,57000000.0,39000000.0,23000000.0
Normalized Income,1335785000.0,722922390.722569,-110607200.0,267300000.0
Net Income From Continuing And Discontinued Operation,1340000000.0,764000000.0,-75000000.0,612000000.0
Total Expenses,22750000000.0,22392000000.0,21148000000.0,21782000000.0
Rent Expense Supplemental,,,142000000.0,132000000.0
Total Operating Income As Reported,2056000000.0,1337000000.0,268000000.0,669000000.0
Diluted Average Shares,178565330.0,178563385.0,178557615.0,183268087.0
Basic Average Shares,178559220.0,178549084.0,178543596.0,183263629.0
Diluted EPS,7.51,4.28,-0.42,3.34
Basic EPS,7.51,4.28,-0.42,3.34
Diluted NI Availto Com Stockholders,1340000000.0,764000000.0,-75000000.0,612000000.0
Net Income Common Stockholders,1340000000.0,764000000.0,-75000000.0,612000000.0
Otherunder Preferred Stock Dividend,0.0,0.0,0.0,0.0
Net Income,1340000000.0,764000000.0,-75000000.0,612000000.0
Minority Interests,-45000000.0,-68000000.0,-61000000.0,-26000000.0
Net Income Including Noncontrolling Interests,1385000000.0,832000000.0,-14000000.0,638000000.0
Net Income Discontinuous Operations,8000000.0,8000000.0,44000000.0,384000000.0
Net Income Continuous Operations,1377000000.0,824000000.0,-58000000.0,254000000.0
Tax Provision,443000000.0,297000000.0,124000000.0,134000000.0
Pretax Income,1820000000.0,1121000000.0,65000000.0,388000000.0
Special Income Charges,-5000000.0,45000000.0,-12000000.0,-60000000.0
Other Special Charges,-2000000.0,-30000000.0,-7000000.0,-3000000.0
Write Off,7000000.0,-15000000.0,19000000.0,63000000.0
Net Non Operating Interest Income Expense,-158000000.0,-122000000.0,-83000000.0,-115000000.0
Total Other Finance Cost,-12000000.0,-42000000.0,-38000000.0,1000000.0
Interest Expense Non Operating,228000000.0,221000000.0,160000000.0,137000000.0
Interest Income Non Operating,58000000.0,57000000.0,39000000.0,23000000.0
Operating Income,2061000000.0,1291000000.0,279000000.0,729000000.0
Operating Expense,10744000000.0,10734000000.0,9904000000.0,9915000000.0
Other Operating Expenses,9000000.0,-80000000.0,130000000.0,175000000.0
Selling General And Administration,10841000000.0,10915000000.0,9914000000.0,10015000000.0
Selling And Marketing Expense,8956000000.0,8777000000.0,8075000000.0,8364000000.0
General And Administrative Expense,1885000000.0,2138000000.0,1839000000.0,1651000000.0
Gross Profit,12805000000.0,12025000000.0,10183000000.0,10644000000.0
Cost Of Revenue,12006000000.0,11658000000.0,11244000000.0,11867000000.0
Total Revenue,24811000000.0,23683000000.0,21427000000.0,22511000000.0
Operating Revenue,24811000000.0,23683000000.0,21427000000.0,22511000000.0
