company,year,metric,value,source_line_item
adidas,2022,capex,-695000000.0,Capital Expenditure
adidas,2022,cash,798000000.0,Cash And Cash Equivalents
adidas,2022,cost_of_revenue,11867000000.0,Cost Of Revenue
adidas,2022,current_liabilities,9257000000.0,Current Liabilities
adidas,2022,equity,4991000000.0,Stockholders Equity
adidas,2022,free_cash_flow,-1174000000.0,Free Cash Flow
adidas,2022,gross_profit,10644000000.0,Gross Profit
adidas,2022,interest_expense,137000000.0,Interest Expense
adidas,2022,inventory,5973000000.0,Inventory
adidas,2022,net_income,612000000.0,Net Income
adidas,2022,operating_cash_flow,-479000000.0,Operating Cash Flow
adidas,2022,operating_income,729000000.0,Operating Income
adidas,2022,payables,2908000000.0,Accounts Payable
adidas,2022,receivables,2529000000.0,Accounts Receivable
adidas,2022,revenue,22511000000.0,Total Revenue
adidas,2022,total_assets,20296000000.0,Total Assets
adidas,2022,total_debt,6459000000.0,Total Debt
adidas,2022,total_equity,5351000000.0,Total Equity Gross Minority Interest
adidas,2022,total_liabilities,14945000000.0,Total Liabilities Net Minority Interest
adidas,2023,capex,-504000000.0,Capital Expenditure
adidas,2023,cash,1220000000.0,Cash And Cash Equivalents
adidas,2023,cost_of_revenue,11244000000.0,Cost Of Revenue
adidas,2023,current_liabilities,8043000000.0,Current Liabilities
adidas,2023,equity,4580000000.0,Stockholders Equity
adidas,2023,free_cash_flow,2046000000.0,Free Cash Flow
adidas,2023,gross_profit,10183000000.0,Gross Profit
adidas,2023,interest_expense,160000000.0,Interest Expense
adidas,2023,inventory,4525000000.0,Inventory
adidas,2023,net_income,-75000000.0,Net Income
adidas,2023,operating_cash_flow,2550000000.0,Operating Cash Flow
adidas,2023,operating_income,279000000.0,Operating Income
adidas,2023,payables,2276000000.0,Accounts Payable
adidas,2023,receivables,1906000000.0,Accounts Receivable
adidas,2023,revenue,21427000000.0,Total Revenue
adidas,2023,total_assets,18020000000.0,Total Assets
adidas,2023,total_debt,5563000000.0,Total Debt
adidas,2023,total_equity,4925000000.0,Total Equity Gross Minority Interest
adidas,2023,total_liabilities,13095000000.0,Total Liabilities Net Minority Interest
adidas,2024,capex,-540000000.0,Capital Expenditure
adidas,2024,cash,2130000000.0,Cash And Cash Equivalents
adidas,2024,cost_of_revenue,11658000000.0,Cost Of Revenue
adidas,2024,current_liabilities,9593000000.0,Current Liabilities
adidas,2024,equity,5476000000.0,Stockholders Equity
adidas,2024,free_cash_flow,2370000000.0,Free Cash Flow
adidas,2024,gross_profit,12025000000.0,Gross Profit
adidas,2024,interest_expense,221000000.0,Interest Expense
adidas,2024,inventory,4989000000.0,Inventory
adidas,2024,net_income,764000000.0,Net Income
adidas,2024,operating_cash_flow,2910000000.0,Operating Cash Flow
adidas,2024,operating_income,1291000000.0,Operating Income
adidas,2024,payables,3096000000.0,Accounts Payable
adidas,2024,receivables,2413000000.0,Accounts Receivable
adidas,2024,revenue,23683000000.0,Total Revenue
adidas,2024,total_assets,20655000000.0,Total Assets
adidas,2024,total_debt,5587000000.0,Total Debt
adidas,2024,total_equity,5868000000.0,Total Equity Gross Minority Interest
adidas,2024,total_liabilities,14787000000.0,Total Liabilities Net Minority Interest
adidas,2025,capex,-477000000.0,Capital Expenditure
adidas,2025,cash,1330000000.0,Cash And Cash Equivalents
adidas,2025,cost_of_revenue,12006000000.0,Cost Of Revenue
adidas,2025,current_liabilities,9094000000.0,Current Liabilities
adidas,2025,equity,5776000000.0,Stockholders Equity
adidas,2025,free_cash_flow,274000000.0,Free Cash Flow
adidas,2025,gross_profit,12805000000.0,Gross Profit
adidas,2025,interest_expense,228000000.0,Interest Expense
adidas,2025,inventory,5832000000.0,Inventory
adidas,2025,net_income,1340000000.0,Net Income
adidas,2025,operating_cash_flow,751000000.0,Operating Cash Flow
adidas,2025,operating_income,2061000000.0,Operating Income
adidas,2025,payables,2910000000.0,Accounts Payable
adidas,2025,receivables,2635000000.0,Accounts Receivable
adidas,2025,revenue,24811000000.0,Total Revenue
adidas,2025,total_assets,20262000000.0,Total Assets
adidas,2025,total_debt,5556000000.0,Total Debt
adidas,2025,total_equity,6125000000.0,Total Equity Gross Minority Interest
adidas,2025,total_liabilities,14137000000.0,Total Liabilities Net Minority Interest
puma,2022,capex,-263600000.0,Capital Expenditure
puma,2022,cash,463100000.0,Cash And Cash Equivalents
puma,2022,cost_of_revenue,4562300000.0,Cost Of Revenue
puma,2022,current_liabilities,2843000000.0,Current Liabilities
puma,2022,equity,2471700000.0,Stockholders Equity
puma,2022,free_cash_flow,154700000.0,Free Cash Flow
puma,2022,gross_profit,3902700000.0,Gross Profit
puma,2022,interest_expense,123700000.0,Interest Expense
puma,2022,inventory,2241900000.0,Inventory
puma,2022,net_income,353500000.0,Net Income
puma,2022,operating_cash_flow,418300000.0,Operating Cash Flow
puma,2022,operating_income,640500000.0,Operating Income
puma,2022,payables,1734900000.0,Accounts Payable
puma,2022,receivables,1064900000.0,Accounts Receivable
puma,2022,revenue,8465100000.0,Total Revenue
puma,2022,total_assets,6772700000.0,Total Assets
puma,2022,total_debt,1557900000.0,Total Debt
puma,2022,total_equity,2538800000.0,Total Equity Gross Minority Interest
puma,2022,total_liabilities,4233900000.0,Total Liabilities Net Minority Interest
puma,2023,capex,-300400000.0,Capital Expenditure
puma,2023,cash,552900000.0,Cash And Cash Equivalents
puma,2023,cost_of_revenue,4615100000.0,Cost Of Revenue
puma,2023,current_liabilities,2537200000.0,Current Liabilities
puma,2023,equity,2553400000.0,Stockholders Equity
puma,2023,free_cash_flow,353200000.0,Free Cash Flow
puma,2023,gross_profit,3986600000.0,Gross Profit
puma,2023,interest_expense,100800000.0,Interest Expense
puma,2023,inventory,1801500000.0,Inventory
puma,2023,net_income,304900000.0,Net Income
puma,2023,operating_cash_flow,653600000.0,Operating Cash Flow
puma,2023,operating_income,621500000.0,Operating Income
puma,2023,payables,1499800000.0,Accounts Payable
puma,2023,receivables,1118400000.0,Accounts Receivable
puma,2023,revenue,8601700000.0,Total Revenue
puma,2023,total_assets,6640400000.0,Total Assets
puma,2023,total_debt,1804400000.0,Total Debt
puma,2023,total_equity,2582300000.0,Total Equity Gross Minority Interest
puma,2023,total_liabilities,4058100000.0,Total Liabilities Net Minority Interest
puma,2024,capex,-263000000.0,Capital Expenditure
puma,2024,cash,368200000.0,Cash And Cash Equivalents
puma,2024,cost_of_revenue,4400200000.0,Cost Of Revenue
puma,2024,current_liabilities,2870900000.0,Current Liabilities
puma,2024,equity,2827700000.0,Stockholders Equity
puma,2024,free_cash_flow,431800000.0,Free Cash Flow
puma,2024,gross_profit,3997800000.0,Gross Profit
puma,2024,interest_expense,117700000.0,Interest Expense
puma,2024,inventory,2013400000.0,Inventory
puma,2024,net_income,281600000.0,Net Income
puma,2024,operating_cash_flow,694800000.0,Operating Cash Flow
puma,2024,operating_income,548600000.0,Operating Income
puma,2024,payables,1893500000.0,Accounts Payable
puma,2024,receivables,1246600000.0,Accounts Receivable
puma,2024,revenue,8817200000.0,"MANUAL OVERRIDE (PUMA AR2024, audited)"
puma,2024,total_assets,7140600000.0,Total Assets
puma,2024,total_debt,1718600000.0,Total Debt
puma,2024,total_equity,2828600000.0,Total Equity Gross Minority Interest
puma,2024,total_liabilities,4312000000.0,Total Liabilities Net Minority Interest
puma,2025,capex,-206300000.0,Capital Expenditure
puma,2025,cash,290000000.0,Cash And Cash Equivalents
puma,2025,cost_of_revenue,4016500000.0,Cost Of Revenue
puma,2025,current_liabilities,3196800000.0,Current Liabilities
puma,2025,equity,1760900000.0,Stockholders Equity
puma,2025,free_cash_flow,-525600000.0,Free Cash Flow
puma,2025,gross_profit,3279600000.0,Gross Profit
puma,2025,interest_expense,112800000.0,Interest Expense
puma,2025,inventory,2058500000.0,Inventory
puma,2025,net_income,-645500000.0,Net Income
puma,2025,operating_cash_flow,-319300000.0,Operating Cash Flow
puma,2025,operating_income,-357400000.0,Operating Income
puma,2025,payables,1271400000.0,Accounts Payable
puma,2025,receivables,913400000.0,Accounts Receivable
puma,2025,revenue,7296200000.0,Total Revenue
puma,2025,total_assets,6454600000.0,Total Assets
puma,2025,total_debt,2582300000.0,Total Debt
puma,2025,total_equity,1760900000.0,Total Equity Gross Minority Interest
puma,2025,total_liabilities,4693700000.0,Total Liabilities Net Minority Interest
