company,statement,year,line_item,value
adidas,income_statement,2025,Tax Effect Of Unusual Items,-1215000.0
adidas,income_statement,2024,Tax Effect Of Unusual Items,11922390.722569
adidas,income_statement,2023,Tax Effect Of Unusual Items,-3607200.0
adidas,income_statement,2022,Tax Effect Of Unusual Items,-20700000.0
adidas,income_statement,2025,Tax Rate For Calcs,0.243
adidas,income_statement,2024,Tax Rate For Calcs,0.264942
adidas,income_statement,2023,Tax Rate For Calcs,0.3006
adidas,income_statement,2022,Tax Rate For Calcs,0.345
adidas,income_statement,2025,Normalized EBITDA,3174000000.0
adidas,income_statement,2024,Normalized EBITDA,2468000000.0
adidas,income_statement,2023,Normalized EBITDA,1333000000.0
adidas,income_statement,2022,Normalized EBITDA,1960000000.0
adidas,income_statement,2025,Total Unusual Items,-5000000.0
adidas,income_statement,2024,Total Unusual Items,45000000.0
adidas,income_statement,2023,Total Unusual Items,-12000000.0
adidas,income_statement,2022,Total Unusual Items,-60000000.0
adidas,income_statement,2025,Total Unusual Items Excluding Goodwill,-5000000.0
adidas,income_statement,2024,Total Unusual Items Excluding Goodwill,45000000.0
adidas,income_statement,2023,Total Unusual Items Excluding Goodwill,-12000000.0
adidas,income_statement,2022,Total Unusual Items Excluding Goodwill,-60000000.0
adidas,income_statement,2025,Net Income From Continuing Operation Net Minority Interest,1332000000.0
adidas,income_statement,2024,Net Income From Continuing Operation Net Minority Interest,756000000.0
adidas,income_statement,2023,Net Income From Continuing Operation Net Minority Interest,-119000000.0
adidas,income_statement,2022,Net Income From Continuing Operation Net Minority Interest,228000000.0
adidas,income_statement,2025,Reconciled Depreciation,1121000000.0
adidas,income_statement,2024,Reconciled Depreciation,1171000000.0
adidas,income_statement,2023,Reconciled Depreciation,1096000000.0
adidas,income_statement,2022,Reconciled Depreciation,1375000000.0
adidas,income_statement,2025,Reconciled Cost Of Revenue,12006000000.0
adidas,income_statement,2024,Reconciled Cost Of Revenue,11658000000.0
adidas,income_statement,2023,Reconciled Cost Of Revenue,11244000000.0
adidas,income_statement,2022,Reconciled Cost Of Revenue,11867000000.0
adidas,income_statement,2025,EBITDA,3169000000.0
adidas,income_statement,2024,EBITDA,2513000000.0
adidas,income_statement,2023,EBITDA,1321000000.0
adidas,income_statement,2022,EBITDA,1900000000.0
adidas,income_statement,2025,EBIT,2048000000.0
adidas,income_statement,2024,EBIT,1342000000.0
adidas,income_statement,2023,EBIT,225000000.0
adidas,income_statement,2022,EBIT,525000000.0
adidas,income_statement,2025,Net Interest Income,-158000000.0
adidas,income_statement,2024,Net Interest Income,-122000000.0
adidas,income_statement,2023,Net Interest Income,-83000000.0
adidas,income_statement,2022,Net Interest Income,-115000000.0
adidas,income_statement,2025,Interest Expense,228000000.0
adidas,income_statement,2024,Interest Expense,221000000.0
adidas,income_statement,2023,Interest Expense,160000000.0
adidas,income_statement,2022,Interest Expense,137000000.0
adidas,income_statement,2025,Interest Income,58000000.0
adidas,income_statement,2024,Interest Income,57000000.0
adidas,income_statement,2023,Interest Income,39000000.0
adidas,income_statement,2022,Interest Income,23000000.0
adidas,income_statement,2025,Normalized Income,1335785000.0
adidas,income_statement,2024,Normalized Income,722922390.722569
adidas,income_statement,2023,Normalized Income,-110607200.0
adidas,income_statement,2022,Normalized Income,267300000.0
adidas,income_statement,2025,Net Income From Continuing And Discontinued Operation,1340000000.0
adidas,income_statement,2024,Net Income From Continuing And Discontinued Operation,764000000.0
adidas,income_statement,2023,Net Income From Continuing And Discontinued Operation,-75000000.0
adidas,income_statement,2022,Net Income From Continuing And Discontinued Operation,612000000.0
adidas,income_statement,2025,Total Expenses,22750000000.0
adidas,income_statement,2024,Total Expenses,22392000000.0
adidas,income_statement,2023,Total Expenses,21148000000.0
adidas,income_statement,2022,Total Expenses,21782000000.0
adidas,income_statement,2023,Rent Expense Supplemental,142000000.0
adidas,income_statement,2022,Rent Expense Supplemental,132000000.0
adidas,income_statement,2025,Total Operating Income As Reported,2056000000.0
adidas,income_statement,2024,Total Operating Income As Reported,1337000000.0
adidas,income_statement,2023,Total Operating Income As Reported,268000000.0
adidas,income_statement,2022,Total Operating Income As Reported,669000000.0
adidas,income_statement,2025,Diluted Average Shares,178565330.0
adidas,income_statement,2024,Diluted Average Shares,178563385.0
adidas,income_statement,2023,Diluted Average Shares,178557615.0
adidas,income_statement,2022,Diluted Average Shares,183268087.0
adidas,income_statement,2025,Basic Average Shares,178559220.0
adidas,income_statement,2024,Basic Average Shares,178549084.0
adidas,income_statement,2023,Basic Average Shares,178543596.0
adidas,income_statement,2022,Basic Average Shares,183263629.0
adidas,income_statement,2025,Diluted EPS,7.51
adidas,income_statement,2024,Diluted EPS,4.28
adidas,income_statement,2023,Diluted EPS,-0.42
adidas,income_statement,2022,Diluted EPS,3.34
adidas,income_statement,2025,Basic EPS,7.51
adidas,income_statement,2024,Basic EPS,4.28
adidas,income_statement,2023,Basic EPS,-0.42
adidas,income_statement,2022,Basic EPS,3.34
adidas,income_statement,2025,Diluted NI Availto Com Stockholders,1340000000.0
adidas,income_statement,2024,Diluted NI Availto Com Stockholders,764000000.0
adidas,income_statement,2023,Diluted NI Availto Com Stockholders,-75000000.0
adidas,income_statement,2022,Diluted NI Availto Com Stockholders,612000000.0
adidas,income_statement,2025,Net Income Common Stockholders,1340000000.0
adidas,income_statement,2024,Net Income Common Stockholders,764000000.0
adidas,income_statement,2023,Net Income Common Stockholders,-75000000.0
adidas,income_statement,2022,Net Income Common Stockholders,612000000.0
adidas,income_statement,2025,Otherunder Preferred Stock Dividend,0.0
adidas,income_statement,2024,Otherunder Preferred Stock Dividend,0.0
adidas,income_statement,2023,Otherunder Preferred Stock Dividend,0.0
adidas,income_statement,2022,Otherunder Preferred Stock Dividend,0.0
adidas,income_statement,2025,Net Income,1340000000.0
adidas,income_statement,2024,Net Income,764000000.0
adidas,income_statement,2023,Net Income,-75000000.0
adidas,income_statement,2022,Net Income,612000000.0
adidas,income_statement,2025,Minority Interests,-45000000.0
adidas,income_statement,2024,Minority Interests,-68000000.0
adidas,income_statement,2023,Minority Interests,-61000000.0
adidas,income_statement,2022,Minority Interests,-26000000.0
adidas,income_statement,2025,Net Income Including Noncontrolling Interests,1385000000.0
adidas,income_statement,2024,Net Income Including Noncontrolling Interests,832000000.0
adidas,income_statement,2023,Net Income Including Noncontrolling Interests,-14000000.0
adidas,income_statement,2022,Net Income Including Noncontrolling Interests,638000000.0
adidas,income_statement,2025,Net Income Discontinuous Operations,8000000.0
adidas,income_statement,2024,Net Income Discontinuous Operations,8000000.0
adidas,income_statement,2023,Net Income Discontinuous Operations,44000000.0
adidas,income_statement,2022,Net Income Discontinuous Operations,384000000.0
adidas,income_statement,2025,Net Income Continuous Operations,1377000000.0
adidas,income_statement,2024,Net Income Continuous Operations,824000000.0
adidas,income_statement,2023,Net Income Continuous Operations,-58000000.0
adidas,income_statement,2022,Net Income Continuous Operations,254000000.0
adidas,income_statement,2025,Tax Provision,443000000.0
adidas,income_statement,2024,Tax Provision,297000000.0
adidas,income_statement,2023,Tax Provision,124000000.0
adidas,income_statement,2022,Tax Provision,134000000.0
adidas,income_statement,2025,Pretax Income,1820000000.0
adidas,income_statement,2024,Pretax Income,1121000000.0
adidas,income_statement,2023,Pretax Income,65000000.0
adidas,income_statement,2022,Pretax Income,388000000.0
adidas,income_statement,2025,Special Income Charges,-5000000.0
adidas,income_statement,2024,Special Income Charges,45000000.0
adidas,income_statement,2023,Special Income Charges,-12000000.0
adidas,income_statement,2022,Special Income Charges,-60000000.0
adidas,income_statement,2025,Other Special Charges,-2000000.0
adidas,income_statement,2024,Other Special Charges,-30000000.0
adidas,income_statement,2023,Other Special Charges,-7000000.0
adidas,income_statement,2022,Other Special Charges,-3000000.0
adidas,income_statement,2025,Write Off,7000000.0
adidas,income_statement,2024,Write Off,-15000000.0
adidas,income_statement,2023,Write Off,19000000.0
adidas,income_statement,2022,Write Off,63000000.0
adidas,income_statement,2025,Net Non Operating Interest Income Expense,-158000000.0
adidas,income_statement,2024,Net Non Operating Interest Income Expense,-122000000.0
adidas,income_statement,2023,Net Non Operating Interest Income Expense,-83000000.0
adidas,income_statement,2022,Net Non Operating Interest Income Expense,-115000000.0
adidas,income_statement,2025,Total Other Finance Cost,-12000000.0
adidas,income_statement,2024,Total Other Finance Cost,-42000000.0
adidas,income_statement,2023,Total Other Finance Cost,-38000000.0
adidas,income_statement,2022,Total Other Finance Cost,1000000.0
adidas,income_statement,2025,Interest Expense Non Operating,228000000.0
adidas,income_statement,2024,Interest Expense Non Operating,221000000.0
adidas,income_statement,2023,Interest Expense Non Operating,160000000.0
adidas,income_statement,2022,Interest Expense Non Operating,137000000.0
adidas,income_statement,2025,Interest Income Non Operating,58000000.0
adidas,income_statement,2024,Interest Income Non Operating,57000000.0
adidas,income_statement,2023,Interest Income Non Operating,39000000.0
adidas,income_statement,2022,Interest Income Non Operating,23000000.0
adidas,income_statement,2025,Operating Income,2061000000.0
adidas,income_statement,2024,Operating Income,1291000000.0
adidas,income_statement,2023,Operating Income,279000000.0
adidas,income_statement,2022,Operating Income,729000000.0
adidas,income_statement,2025,Operating Expense,10744000000.0
adidas,income_statement,2024,Operating Expense,10734000000.0
adidas,income_statement,2023,Operating Expense,9904000000.0
adidas,income_statement,2022,Operating Expense,9915000000.0
adidas,income_statement,2025,Other Operating Expenses,9000000.0
adidas,income_statement,2024,Other Operating Expenses,-80000000.0
adidas,income_statement,2023,Other Operating Expenses,130000000.0
adidas,income_statement,2022,Other Operating Expenses,175000000.0
adidas,income_statement,2025,Selling General And Administration,10841000000.0
adidas,income_statement,2024,Selling General And Administration,10915000000.0
adidas,income_statement,2023,Selling General And Administration,9914000000.0
adidas,income_statement,2022,Selling General And Administration,10015000000.0
adidas,income_statement,2025,Selling And Marketing Expense,8956000000.0
adidas,income_statement,2024,Selling And Marketing Expense,8777000000.0
adidas,income_statement,2023,Selling And Marketing Expense,8075000000.0
adidas,income_statement,2022,Selling And Marketing Expense,8364000000.0
adidas,income_statement,2025,General And Administrative Expense,1885000000.0
adidas,income_statement,2024,General And Administrative Expense,2138000000.0
adidas,income_statement,2023,General And Administrative Expense,1839000000.0
adidas,income_statement,2022,General And Administrative Expense,1651000000.0
adidas,income_statement,2025,Gross Profit,12805000000.0
adidas,income_statement,2024,Gross Profit,12025000000.0
adidas,income_statement,2023,Gross Profit,10183000000.0
adidas,income_statement,2022,Gross Profit,10644000000.0
adidas,income_statement,2025,Cost Of Revenue,12006000000.0
adidas,income_statement,2024,Cost Of Revenue,11658000000.0
adidas,income_statement,2023,Cost Of Revenue,11244000000.0
adidas,income_statement,2022,Cost Of Revenue,11867000000.0
adidas,income_statement,2025,Total Revenue,24811000000.0
adidas,income_statement,2024,Total Revenue,23683000000.0
adidas,income_statement,2023,Total Revenue,21427000000.0
adidas,income_statement,2022,Total Revenue,22511000000.0
adidas,income_statement,2025,Operating Revenue,24811000000.0
adidas,income_statement,2024,Operating Revenue,23683000000.0
adidas,income_statement,2023,Operating Revenue,21427000000.0
adidas,income_statement,2022,Operating Revenue,22511000000.0
adidas,balance_sheet,2025,Treasury Shares Number,1334982.0
adidas,balance_sheet,2024,Treasury Shares Number,1450916.0
adidas,balance_sheet,2023,Treasury Shares Number,1450916.0
adidas,balance_sheet,2022,Treasury Shares Number,1462802.0
adidas,balance_sheet,2025,Ordinary Shares Number,178665018.0
adidas,balance_sheet,2024,Ordinary Shares Number,178549084.0
adidas,balance_sheet,2023,Ordinary Shares Number,178549084.0
adidas,balance_sheet,2022,Ordinary Shares Number,178537198.0
adidas,balance_sheet,2025,Share Issued,180000000.0
adidas,balance_sheet,2024,Share Issued,180000000.0
adidas,balance_sheet,2023,Share Issued,180000000.0
adidas,balance_sheet,2022,Share Issued,180000000.0
adidas,balance_sheet,2025,Net Debt,1313000000.0
adidas,balance_sheet,2024,Net Debt,355000000.0
adidas,balance_sheet,2023,Net Debt,1759000000.0
adidas,balance_sheet,2022,Net Debt,2675000000.0
adidas,balance_sheet,2025,Total Debt,5556000000.0
adidas,balance_sheet,2024,Total Debt,5587000000.0
adidas,balance_sheet,2023,Total Debt,5563000000.0
adidas,balance_sheet,2022,Total Debt,6459000000.0
adidas,balance_sheet,2025,Tangible Book Value,4130000000.0
adidas,balance_sheet,2024,Tangible Book Value,3775000000.0
adidas,balance_sheet,2023,Tangible Book Value,2900000000.0
adidas,balance_sheet,2022,Tangible Book Value,3302000000.0
adidas,balance_sheet,2025,Invested Capital,8419000000.0
adidas,balance_sheet,2024,Invested Capital,7961000000.0
adidas,balance_sheet,2023,Invested Capital,7559000000.0
adidas,balance_sheet,2022,Invested Capital,8464000000.0
adidas,balance_sheet,2025,Working Capital,2883000000.0
adidas,balance_sheet,2024,Working Capital,2311000000.0
adidas,balance_sheet,2023,Working Capital,1766000000.0
adidas,balance_sheet,2022,Working Capital,2475000000.0
adidas,balance_sheet,2025,Net Tangible Assets,4130000000.0
adidas,balance_sheet,2024,Net Tangible Assets,3775000000.0
adidas,balance_sheet,2023,Net Tangible Assets,2900000000.0
adidas,balance_sheet,2022,Net Tangible Assets,3302000000.0
adidas,balance_sheet,2025,Capital Lease Obligations,2913000000.0
adidas,balance_sheet,2024,Capital Lease Obligations,3102000000.0
adidas,balance_sheet,2023,Capital Lease Obligations,2584000000.0
adidas,balance_sheet,2022,Capital Lease Obligations,2986000000.0
adidas,balance_sheet,2025,Common Stock Equity,5776000000.0
adidas,balance_sheet,2024,Common Stock Equity,5476000000.0
adidas,balance_sheet,2023,Common Stock Equity,4580000000.0
adidas,balance_sheet,2022,Common Stock Equity,4991000000.0
adidas,balance_sheet,2025,Total Capitalization,7773000000.0
adidas,balance_sheet,2024,Total Capitalization,7391000000.0
adidas,balance_sheet,2023,Total Capitalization,7010000000.0
adidas,balance_sheet,2022,Total Capitalization,7937000000.0
adidas,balance_sheet,2025,Total Equity Gross Minority Interest,6125000000.0
adidas,balance_sheet,2024,Total Equity Gross Minority Interest,5868000000.0
adidas,balance_sheet,2023,Total Equity Gross Minority Interest,4925000000.0
adidas,balance_sheet,2022,Total Equity Gross Minority Interest,5351000000.0
adidas,balance_sheet,2025,Minority Interest,349000000.0
adidas,balance_sheet,2024,Minority Interest,392000000.0
adidas,balance_sheet,2023,Minority Interest,345000000.0
adidas,balance_sheet,2022,Minority Interest,360000000.0
adidas,balance_sheet,2025,Stockholders Equity,5776000000.0
adidas,balance_sheet,2024,Stockholders Equity,5476000000.0
adidas,balance_sheet,2023,Stockholders Equity,4580000000.0
adidas,balance_sheet,2022,Stockholders Equity,4991000000.0
adidas,balance_sheet,2023,Other Equity Interest,-2000000.0
adidas,balance_sheet,2022,Other Equity Interest,-2000000.0
adidas,balance_sheet,2021,Other Equity Interest,-1000000.0
adidas,balance_sheet,2025,Retained Earnings,5758000000.0
adidas,balance_sheet,2024,Retained Earnings,4775000000.0
adidas,balance_sheet,2023,Retained Earnings,4145000000.0
adidas,balance_sheet,2022,Retained Earnings,4347000000.0
adidas,balance_sheet,2025,Additional Paid In Capital,1376000000.0
adidas,balance_sheet,2024,Additional Paid In Capital,1367000000.0
adidas,balance_sheet,2023,Additional Paid In Capital,1355000000.0
adidas,balance_sheet,2022,Additional Paid In Capital,1338000000.0
adidas,balance_sheet,2025,Capital Stock,179000000.0
adidas,balance_sheet,2024,Capital Stock,179000000.0
adidas,balance_sheet,2023,Capital Stock,179000000.0
adidas,balance_sheet,2022,Capital Stock,179000000.0
adidas,balance_sheet,2025,Common Stock,179000000.0
adidas,balance_sheet,2024,Common Stock,179000000.0
adidas,balance_sheet,2023,Common Stock,179000000.0
adidas,balance_sheet,2022,Common Stock,179000000.0
adidas,balance_sheet,2025,Total Liabilities Net Minority Interest,14137000000.0
adidas,balance_sheet,2024,Total Liabilities Net Minority Interest,14787000000.0
adidas,balance_sheet,2023,Total Liabilities Net Minority Interest,13095000000.0
adidas,balance_sheet,2022,Total Liabilities Net Minority Interest,14945000000.0
adidas,balance_sheet,2025,Total Non Current Liabilities Net Minority Interest,5043000000.0
adidas,balance_sheet,2024,Total Non Current Liabilities Net Minority Interest,5194000000.0
adidas,balance_sheet,2023,Total Non Current Liabilities Net Minority Interest,5052000000.0
adidas,balance_sheet,2022,Total Non Current Liabilities Net Minority Interest,5688000000.0
adidas,balance_sheet,2025,Other Non Current Liabilities,141000000.0
adidas,balance_sheet,2024,Other Non Current Liabilities,152000000.0
adidas,balance_sheet,2023,Other Non Current Liabilities,99000000.0
adidas,balance_sheet,2022,Other Non Current Liabilities,1000000.0
adidas,balance_sheet,2025,Derivative Product Liabilities,7000000.0
adidas,balance_sheet,2024,Derivative Product Liabilities,1000000.0
adidas,balance_sheet,2023,Derivative Product Liabilities,6000000.0
adidas,balance_sheet,2022,Derivative Product Liabilities,44000000.0
adidas,balance_sheet,2025,Non Current Pension And Other Postretirement Benefit Plans,106000000.0
adidas,balance_sheet,2024,Non Current Pension And Other Postretirement Benefit Plans,144000000.0
adidas,balance_sheet,2023,Non Current Pension And Other Postretirement Benefit Plans,139000000.0
adidas,balance_sheet,2022,Non Current Pension And Other Postretirement Benefit Plans,118000000.0
adidas,balance_sheet,2023,Non Current Accrued Expenses,0.0
adidas,balance_sheet,2022,Non Current Accrued Expenses,7000000.0
adidas,balance_sheet,2021,Non Current Accrued Expenses,8000000.0
adidas,balance_sheet,2025,Non Current Deferred Revenue,1000000.0
adidas,balance_sheet,2024,Non Current Deferred Revenue,1000000.0
adidas,balance_sheet,2023,Non Current Deferred Revenue,4000000.0
adidas,balance_sheet,2022,Non Current Deferred Revenue,6000000.0
adidas,balance_sheet,2025,Non Current Deferred Taxes Liabilities,45000000.0
adidas,balance_sheet,2024,Non Current Deferred Taxes Liabilities,133000000.0
adidas,balance_sheet,2023,Non Current Deferred Taxes Liabilities,147000000.0
adidas,balance_sheet,2022,Non Current Deferred Taxes Liabilities,135000000.0
adidas,balance_sheet,2025,Long Term Debt And Capital Lease Obligation,4307000000.0
adidas,balance_sheet,2024,Long Term Debt And Capital Lease Obligation,4410000000.0
adidas,balance_sheet,2023,Long Term Debt And Capital Lease Obligation,4469000000.0
adidas,balance_sheet,2022,Long Term Debt And Capital Lease Obligation,5289000000.0
adidas,balance_sheet,2025,Long Term Capital Lease Obligation,2310000000.0
adidas,balance_sheet,2024,Long Term Capital Lease Obligation,2495000000.0
adidas,balance_sheet,2023,Long Term Capital Lease Obligation,2039000000.0
adidas,balance_sheet,2022,Long Term Capital Lease Obligation,2343000000.0
adidas,balance_sheet,2025,Long Term Debt,1997000000.0
adidas,balance_sheet,2024,Long Term Debt,1915000000.0
adidas,balance_sheet,2023,Long Term Debt,2430000000.0
adidas,balance_sheet,2022,Long Term Debt,2946000000.0
adidas,balance_sheet,2025,Long Term Provisions,436000000.0
adidas,balance_sheet,2024,Long Term Provisions,353000000.0
adidas,balance_sheet,2023,Long Term Provisions,188000000.0
adidas,balance_sheet,2022,Long Term Provisions,88000000.0
adidas,balance_sheet,2025,Current Liabilities,9094000000.0
adidas,balance_sheet,2024,Current Liabilities,9593000000.0
adidas,balance_sheet,2023,Current Liabilities,8043000000.0
adidas,balance_sheet,2022,Current Liabilities,9257000000.0
adidas,balance_sheet,2025,Other Current Liabilities,119000000.0
adidas,balance_sheet,2024,Other Current Liabilities,139000000.0
adidas,balance_sheet,2023,Other Current Liabilities,96000000.0
adidas,balance_sheet,2022,Other Current Liabilities,72000000.0
adidas,balance_sheet,2025,Current Debt And Capital Lease Obligation,1249000000.0
adidas,balance_sheet,2024,Current Debt And Capital Lease Obligation,1177000000.0
adidas,balance_sheet,2023,Current Debt And Capital Lease Obligation,1094000000.0
adidas,balance_sheet,2022,Current Debt And Capital Lease Obligation,1170000000.0
adidas,balance_sheet,2025,Current Capital Lease Obligation,603000000.0
adidas,balance_sheet,2024,Current Capital Lease Obligation,607000000.0
adidas,balance_sheet,2023,Current Capital Lease Obligation,545000000.0
adidas,balance_sheet,2022,Current Capital Lease Obligation,643000000.0
adidas,balance_sheet,2025,Current Debt,646000000.0
adidas,balance_sheet,2024,Current Debt,570000000.0
adidas,balance_sheet,2023,Current Debt,549000000.0
adidas,balance_sheet,2022,Current Debt,527000000.0
adidas,balance_sheet,2025,Pensionand Other Post Retirement Benefit Plans Current,40000000.0
adidas,balance_sheet,2024,Pensionand Other Post Retirement Benefit Plans Current,35000000.0
adidas,balance_sheet,2023,Pensionand Other Post Retirement Benefit Plans Current,37000000.0
adidas,balance_sheet,2022,Pensionand Other Post Retirement Benefit Plans Current,52000000.0
adidas,balance_sheet,2025,Current Provisions,1208000000.0
adidas,balance_sheet,2024,Current Provisions,1538000000.0
adidas,balance_sheet,2023,Current Provisions,1323000000.0
adidas,balance_sheet,2022,Current Provisions,1589000000.0
adidas,balance_sheet,2025,Payables,3646000000.0
adidas,balance_sheet,2024,Payables,3746000000.0
adidas,balance_sheet,2023,Payables,2846000000.0
adidas,balance_sheet,2022,Payables,3458000000.0
adidas,balance_sheet,2025,Total Tax Payable,736000000.0
adidas,balance_sheet,2024,Total Tax Payable,650000000.0
adidas,balance_sheet,2023,Total Tax Payable,570000000.0
adidas,balance_sheet,2022,Total Tax Payable,550000000.0
adidas,balance_sheet,2025,Accounts Payable,2910000000.0
adidas,balance_sheet,2024,Accounts Payable,3096000000.0
adidas,balance_sheet,2023,Accounts Payable,2276000000.0
adidas,balance_sheet,2022,Accounts Payable,2908000000.0
adidas,balance_sheet,2025,Total Assets,20262000000.0
adidas,balance_sheet,2024,Total Assets,20655000000.0
adidas,balance_sheet,2023,Total Assets,18020000000.0
adidas,balance_sheet,2022,Total Assets,20296000000.0
adidas,balance_sheet,2025,Total Non Current Assets,8285000000.0
adidas,balance_sheet,2024,Total Non Current Assets,8751000000.0
adidas,balance_sheet,2023,Total Non Current Assets,8211000000.0
adidas,balance_sheet,2022,Total Non Current Assets,8563000000.0
adidas,balance_sheet,2025,Other Non Current Assets,6000000.0
adidas,balance_sheet,2024,Other Non Current Assets,3000000.0
adidas,balance_sheet,2023,Other Non Current Assets,2000000.0
adidas,balance_sheet,2022,Other Non Current Assets,4000000.0
adidas,balance_sheet,2025,Non Current Prepaid Assets,175000000.0
adidas,balance_sheet,2024,Non Current Prepaid Assets,186000000.0
adidas,balance_sheet,2023,Non Current Prepaid Assets,125000000.0
adidas,balance_sheet,2022,Non Current Prepaid Assets,155000000.0
adidas,balance_sheet,2025,Non Current Deferred Taxes Assets,1077000000.0
adidas,balance_sheet,2024,Non Current Deferred Taxes Assets,1272000000.0
adidas,balance_sheet,2023,Non Current Deferred Taxes Assets,1358000000.0
adidas,balance_sheet,2022,Non Current Deferred Taxes Assets,1216000000.0
adidas,balance_sheet,2025,Financial Assets,4000000.0
adidas,balance_sheet,2024,Financial Assets,14000000.0
adidas,balance_sheet,2023,Financial Assets,2000000.0
adidas,balance_sheet,2022,Financial Assets,3000000.0
adidas,balance_sheet,2025,Other Investments,233000000.0
adidas,balance_sheet,2024,Other Investments,163000000.0
adidas,balance_sheet,2023,Other Investments,127000000.0
adidas,balance_sheet,2022,Other Investments,125000000.0
adidas,balance_sheet,2025,Investmentin Financial Assets,259000000.0
adidas,balance_sheet,2024,Investmentin Financial Assets,324000000.0
adidas,balance_sheet,2023,Investmentin Financial Assets,512000000.0
adidas,balance_sheet,2022,Investmentin Financial Assets,428000000.0
adidas,balance_sheet,2025,Available For Sale Securities,79000000.0
adidas,balance_sheet,2024,Available For Sale Securities,136000000.0
adidas,balance_sheet,2023,Available For Sale Securities,122000000.0
adidas,balance_sheet,2022,Available For Sale Securities,114000000.0
adidas,balance_sheet,2025,Financial Assets Designatedas Fair Value Through Profitor Loss Total,180000000.0
adidas,balance_sheet,2024,Financial Assets Designatedas Fair Value Through Profitor Loss Total,188000000.0
adidas,balance_sheet,2023,Financial Assets Designatedas Fair Value Through Profitor Loss Total,390000000.0
adidas,balance_sheet,2022,Financial Assets Designatedas Fair Value Through Profitor Loss Total,314000000.0
adidas,balance_sheet,2025,Goodwill And Other Intangible Assets,1646000000.0
adidas,balance_sheet,2024,Goodwill And Other Intangible Assets,1701000000.0
adidas,balance_sheet,2023,Goodwill And Other Intangible Assets,1680000000.0
adidas,balance_sheet,2022,Goodwill And Other Intangible Assets,1689000000.0
adidas,balance_sheet,2025,Other Intangible Assets,443000000.0
adidas,balance_sheet,2024,Other Intangible Assets,426000000.0
adidas,balance_sheet,2023,Other Intangible Assets,442000000.0
adidas,balance_sheet,2022,Other Intangible Assets,429000000.0
adidas,balance_sheet,2025,Goodwill,1203000000.0
adidas,balance_sheet,2024,Goodwill,1275000000.0
adidas,balance_sheet,2023,Goodwill,1238000000.0
adidas,balance_sheet,2022,Goodwill,1260000000.0
adidas,balance_sheet,2025,Net PPE,4578000000.0
adidas,balance_sheet,2024,Net PPE,4912000000.0
adidas,balance_sheet,2023,Net PPE,4405000000.0
adidas,balance_sheet,2022,Net PPE,4943000000.0
adidas,balance_sheet,2025,Accumulated Depreciation,-2988000000.0
adidas,balance_sheet,2024,Accumulated Depreciation,-3046000000.0
adidas,balance_sheet,2023,Accumulated Depreciation,-2707000000.0
adidas,balance_sheet,2022,Accumulated Depreciation,-2628000000.0
adidas,balance_sheet,2025,Gross PPE,7566000000.0
adidas,balance_sheet,2024,Gross PPE,7958000000.0
adidas,balance_sheet,2023,Gross PPE,7112000000.0
adidas,balance_sheet,2022,Gross PPE,7571000000.0
adidas,balance_sheet,2025,Construction In Progress,84000000.0
adidas,balance_sheet,2024,Construction In Progress,95000000.0
adidas,balance_sheet,2023,Construction In Progress,156000000.0
adidas,balance_sheet,2022,Construction In Progress,230000000.0
adidas,balance_sheet,2025,Other Properties,36000000.0
adidas,balance_sheet,2024,Other Properties,52000000.0
adidas,balance_sheet,2023,Other Properties,53000000.0
adidas,balance_sheet,2022,Other Properties,65000000.0
adidas,balance_sheet,2025,Machinery Furniture Equipment,2407000000.0
adidas,balance_sheet,2024,Machinery Furniture Equipment,2602000000.0
adidas,balance_sheet,2023,Machinery Furniture Equipment,2408000000.0
adidas,balance_sheet,2022,Machinery Furniture Equipment,2386000000.0
adidas,balance_sheet,2025,Buildings And Improvements,2569000000.0
adidas,balance_sheet,2024,Buildings And Improvements,2727000000.0
adidas,balance_sheet,2023,Buildings And Improvements,2195000000.0
adidas,balance_sheet,2022,Buildings And Improvements,2600000000.0
adidas,balance_sheet,2025,Land And Improvements,2470000000.0
adidas,balance_sheet,2024,Land And Improvements,2482000000.0
adidas,balance_sheet,2023,Land And Improvements,2300000000.0
adidas,balance_sheet,2022,Land And Improvements,2290000000.0
adidas,balance_sheet,2025,Properties,0.0
adidas,balance_sheet,2024,Properties,0.0
adidas,balance_sheet,2023,Properties,0.0
adidas,balance_sheet,2022,Properties,0.0
adidas,balance_sheet,2025,Current Assets,11977000000.0
adidas,balance_sheet,2024,Current Assets,11904000000.0
adidas,balance_sheet,2023,Current Assets,9809000000.0
adidas,balance_sheet,2022,Current Assets,11732000000.0
adidas,balance_sheet,2025,Other Current Assets,375000000.0
adidas,balance_sheet,2024,Other Current Assets,370000000.0
adidas,balance_sheet,2023,Other Current Assets,328000000.0
adidas,balance_sheet,2022,Other Current Assets,1316000000.0
adidas,balance_sheet,2025,Hedging Assets Current,109000000.0
adidas,balance_sheet,2024,Hedging Assets Current,239000000.0
adidas,balance_sheet,2023,Hedging Assets Current,88000000.0
adidas,balance_sheet,2022,Hedging Assets Current,232000000.0
adidas,balance_sheet,2022,Assets Held For Sale Current,0.0
adidas,balance_sheet,2021,Assets Held For Sale Current,2033000000.0
adidas,balance_sheet,2022,Current Deferred Assets,241000000.0
adidas,balance_sheet,2021,Current Deferred Assets,0.0
adidas,balance_sheet,2025,Restricted Cash,287000000.0
adidas,balance_sheet,2024,Restricted Cash,325000000.0
adidas,balance_sheet,2023,Restricted Cash,211000000.0
adidas,balance_sheet,2025,Prepaid Assets,408000000.0
adidas,balance_sheet,2024,Prepaid Assets,356000000.0
adidas,balance_sheet,2023,Prepaid Assets,345000000.0
adidas,balance_sheet,2022,Prepaid Assets,296000000.0
adidas,balance_sheet,2025,Inventory,5832000000.0
adidas,balance_sheet,2024,Inventory,4989000000.0
adidas,balance_sheet,2023,Inventory,4525000000.0
adidas,balance_sheet,2022,Inventory,5973000000.0
adidas,balance_sheet,2023,Other Inventories,1000000.0
adidas,balance_sheet,2025,Finished Goods,5824000000.0
adidas,balance_sheet,2024,Finished Goods,4979000000.0
adidas,balance_sheet,2023,Finished Goods,4516000000.0
adidas,balance_sheet,2022,Finished Goods,5964000000.0
adidas,balance_sheet,2025,Work In Process,0.0
adidas,balance_sheet,2024,Work In Process,0.0
adidas,balance_sheet,2023,Work In Process,0.0
adidas,balance_sheet,2022,Work In Process,0.0
adidas,balance_sheet,2025,Raw Materials,8000000.0
adidas,balance_sheet,2024,Raw Materials,10000000.0
adidas,balance_sheet,2023,Raw Materials,8000000.0
adidas,balance_sheet,2022,Raw Materials,9000000.0
adidas,balance_sheet,2025,Other Receivables,237000000.0
adidas,balance_sheet,2024,Other Receivables,302000000.0
adidas,balance_sheet,2023,Other Receivables,468000000.0
adidas,balance_sheet,2022,Other Receivables,342000000.0
adidas,balance_sheet,2025,Taxes Receivable,574000000.0
adidas,balance_sheet,2024,Taxes Receivable,430000000.0
adidas,balance_sheet,2023,Taxes Receivable,529000000.0
adidas,balance_sheet,2022,Taxes Receivable,102000000.0
adidas,balance_sheet,2025,Accounts Receivable,2635000000.0
adidas,balance_sheet,2024,Accounts Receivable,2413000000.0
adidas,balance_sheet,2023,Accounts Receivable,1906000000.0
adidas,balance_sheet,2022,Accounts Receivable,2529000000.0
adidas,balance_sheet,2025,Allowance For Doubtful Accounts Receivable,-145000000.0
adidas,balance_sheet,2024,Allowance For Doubtful Accounts Receivable,-180000000.0
adidas,balance_sheet,2023,Allowance For Doubtful Accounts Receivable,-229000000.0
adidas,balance_sheet,2022,Allowance For Doubtful Accounts Receivable,-230000000.0
adidas,balance_sheet,2025,Gross Accounts Receivable,2780000000.0
adidas,balance_sheet,2024,Gross Accounts Receivable,2593000000.0
adidas,balance_sheet,2023,Gross Accounts Receivable,2135000000.0
adidas,balance_sheet,2022,Gross Accounts Receivable,2759000000.0
adidas,balance_sheet,2025,Cash Cash Equivalents And Short Term Investments,1520000000.0
adidas,balance_sheet,2024,Cash Cash Equivalents And Short Term Investments,2480000000.0
adidas,balance_sheet,2023,Cash Cash Equivalents And Short Term Investments,1409000000.0
adidas,balance_sheet,2022,Cash Cash Equivalents And Short Term Investments,1812000000.0
adidas,balance_sheet,2025,Other Short Term Investments,190000000.0
adidas,balance_sheet,2024,Other Short Term Investments,350000000.0
adidas,balance_sheet,2023,Other Short Term Investments,189000000.0
adidas,balance_sheet,2022,Other Short Term Investments,1014000000.0
adidas,balance_sheet,2025,Cash And Cash Equivalents,1330000000.0
adidas,balance_sheet,2024,Cash And Cash Equivalents,2130000000.0
adidas,balance_sheet,2023,Cash And Cash Equivalents,1220000000.0
adidas,balance_sheet,2022,Cash And Cash Equivalents,798000000.0
adidas,cash_flow,2025,Free Cash Flow,274000000.0
adidas,cash_flow,2024,Free Cash Flow,2370000000.0
adidas,cash_flow,2023,Free Cash Flow,2046000000.0
adidas,cash_flow,2022,Free Cash Flow,-1174000000.0
adidas,cash_flow,2025,Repurchase Of Capital Stock,-43000000.0
adidas,cash_flow,2024,Repurchase Of Capital Stock,-35000000.0
adidas,cash_flow,2023,Repurchase Of Capital Stock,-29000000.0
adidas,cash_flow,2022,Repurchase Of Capital Stock,-2530000000.0
adidas,cash_flow,2025,Repayment Of Debt,-500000000.0
adidas,cash_flow,2024,Repayment Of Debt,-500000000.0
adidas,cash_flow,2023,Repayment Of Debt,-500000000.0
adidas,cash_flow,2022,Repayment Of Debt,0.0
adidas,cash_flow,2025,Issuance Of Debt,664000000.0
adidas,cash_flow,2024,Issuance Of Debt,3000000.0
adidas,cash_flow,2023,Issuance Of Debt,3000000.0
adidas,cash_flow,2022,Issuance Of Debt,994000000.0
adidas,cash_flow,2025,Issuance Of Capital Stock,39000000.0
adidas,cash_flow,2024,Issuance Of Capital Stock,24000000.0
adidas,cash_flow,2023,Issuance Of Capital Stock,25000000.0
adidas,cash_flow,2022,Issuance Of Capital Stock,25000000.0
adidas,cash_flow,2025,Capital Expenditure,-477000000.0
adidas,cash_flow,2024,Capital Expenditure,-540000000.0
adidas,cash_flow,2023,Capital Expenditure,-504000000.0
adidas,cash_flow,2022,Capital Expenditure,-695000000.0
adidas,cash_flow,2025,End Cash Position,1617000000.0
adidas,cash_flow,2024,End Cash Position,2455000000.0
adidas,cash_flow,2023,End Cash Position,1431000000.0
adidas,cash_flow,2022,End Cash Position,798000000.0
adidas,cash_flow,2023,Other Cash Adjustment Outside Changein Cash,-1000000.0
adidas,cash_flow,2022,Other Cash Adjustment Outside Changein Cash,-65000000.0
adidas,cash_flow,2025,Beginning Cash Position,2455000000.0
adidas,cash_flow,2024,Beginning Cash Position,1431000000.0
adidas,cash_flow,2023,Beginning Cash Position,798000000.0
adidas,cash_flow,2022,Beginning Cash Position,3849000000.0
adidas,cash_flow,2025,Effect Of Exchange Rate Changes,-82000000.0
adidas,cash_flow,2024,Effect Of Exchange Rate Changes,29000000.0
adidas,cash_flow,2023,Effect Of Exchange Rate Changes,-40000000.0
adidas,cash_flow,2022,Effect Of Exchange Rate Changes,-39000000.0
adidas,cash_flow,2025,Changes In Cash,-756000000.0
adidas,cash_flow,2024,Changes In Cash,995000000.0
adidas,cash_flow,2023,Changes In Cash,674000000.0
adidas,cash_flow,2022,Changes In Cash,-2947000000.0
adidas,cash_flow,2025,Financing Cash Flow,-1103000000.0
adidas,cash_flow,2024,Financing Cash Flow,-1559000000.0
adidas,cash_flow,2023,Financing Cash Flow,-1425000000.0
adidas,cash_flow,2022,Financing Cash Flow,-2963000000.0
adidas,cash_flow,2025,Net Other Financing Charges,-1000000.0
adidas,cash_flow,2024,Net Other Financing Charges,-13000000.0
adidas,cash_flow,2022,Net Other Financing Charges,-31000000.0
adidas,cash_flow,2021,Net Other Financing Charges,-39000000.0
adidas,cash_flow,2025,Interest Paid Cff,-220000000.0
adidas,cash_flow,2024,Interest Paid Cff,-217000000.0
adidas,cash_flow,2023,Interest Paid Cff,-163000000.0
adidas,cash_flow,2022,Interest Paid Cff,-140000000.0
adidas,cash_flow,2025,Cash Dividends Paid,-357000000.0
adidas,cash_flow,2024,Cash Dividends Paid,-125000000.0
adidas,cash_flow,2023,Cash Dividends Paid,-125000000.0
adidas,cash_flow,2022,Cash Dividends Paid,-610000000.0
adidas,cash_flow,2025,Common Stock Dividend Paid,-357000000.0
adidas,cash_flow,2024,Common Stock Dividend Paid,-125000000.0
adidas,cash_flow,2023,Common Stock Dividend Paid,-125000000.0
adidas,cash_flow,2022,Common Stock Dividend Paid,-610000000.0
adidas,cash_flow,2025,Net Common Stock Issuance,-4000000.0
adidas,cash_flow,2024,Net Common Stock Issuance,-11000000.0
adidas,cash_flow,2023,Net Common Stock Issuance,-4000000.0
adidas,cash_flow,2022,Net Common Stock Issuance,-2505000000.0
adidas,cash_flow,2025,Common Stock Payments,-43000000.0
adidas,cash_flow,2024,Common Stock Payments,-35000000.0
adidas,cash_flow,2023,Common Stock Payments,-29000000.0
adidas,cash_flow,2022,Common Stock Payments,-2530000000.0
adidas,cash_flow,2025,Common Stock Issuance,39000000.0
adidas,cash_flow,2024,Common Stock Issuance,24000000.0
adidas,cash_flow,2023,Common Stock Issuance,25000000.0
adidas,cash_flow,2022,Common Stock Issuance,25000000.0
adidas,cash_flow,2025,Net Issuance Payments Of Debt,164000000.0
adidas,cash_flow,2024,Net Issuance Payments Of Debt,-497000000.0
adidas,cash_flow,2023,Net Issuance Payments Of Debt,-497000000.0
adidas,cash_flow,2022,Net Issuance Payments Of Debt,976000000.0
adidas,cash_flow,2025,Net Short Term Debt Issuance,166000000.0
adidas,cash_flow,2024,Net Short Term Debt Issuance,3000000.0
adidas,cash_flow,2023,Net Short Term Debt Issuance,3000000.0
adidas,cash_flow,2022,Net Short Term Debt Issuance,-18000000.0
adidas,cash_flow,2022,Short Term Debt Payments,-18000000.0
adidas,cash_flow,2021,Short Term Debt Payments,-79000000.0
adidas,cash_flow,2025,Short Term Debt Issuance,166000000.0
adidas,cash_flow,2024,Short Term Debt Issuance,3000000.0
adidas,cash_flow,2023,Short Term Debt Issuance,3000000.0
adidas,cash_flow,2025,Net Long Term Debt Issuance,-2000000.0
adidas,cash_flow,2024,Net Long Term Debt Issuance,-500000000.0
adidas,cash_flow,2023,Net Long Term Debt Issuance,-500000000.0
adidas,cash_flow,2022,Net Long Term Debt Issuance,994000000.0
adidas,cash_flow,2025,Long Term Debt Payments,-500000000.0
adidas,cash_flow,2024,Long Term Debt Payments,-500000000.0
adidas,cash_flow,2023,Long Term Debt Payments,-500000000.0
adidas,cash_flow,2022,Long Term Debt Payments,0.0
adidas,cash_flow,2025,Long Term Debt Issuance,498000000.0
adidas,cash_flow,2024,Long Term Debt Issuance,0.0
adidas,cash_flow,2023,Long Term Debt Issuance,0.0
adidas,cash_flow,2022,Long Term Debt Issuance,994000000.0
adidas,cash_flow,2025,Investing Cash Flow,-404000000.0
adidas,cash_flow,2024,Investing Cash Flow,-356000000.0
adidas,cash_flow,2023,Investing Cash Flow,-451000000.0
adidas,cash_flow,2022,Investing Cash Flow,495000000.0
adidas,cash_flow,2025,Net Other Investing Changes,-1000000.0
adidas,cash_flow,2022,Net Other Investing Changes,1000000.0
adidas,cash_flow,2021,Net Other Investing Changes,-10000000.0
adidas,cash_flow,2025,Interest Received Cfi,58000000.0
adidas,cash_flow,2024,Interest Received Cfi,57000000.0
adidas,cash_flow,2023,Interest Received Cfi,39000000.0
adidas,cash_flow,2022,Interest Received Cfi,23000000.0
adidas,cash_flow,2025,Net Investment Purchase And Sale,-88000000.0
adidas,cash_flow,2024,Net Investment Purchase And Sale,-22000000.0
adidas,cash_flow,2023,Net Investment Purchase And Sale,23000000.0
adidas,cash_flow,2022,Net Investment Purchase And Sale,-13000000.0
adidas,cash_flow,2023,Sale Of Investment,57000000.0
adidas,cash_flow,2021,Sale Of Investment,49000000.0
adidas,cash_flow,2023,Purchase Of Investment,-34000000.0
adidas,cash_flow,2022,Purchase Of Investment,-13000000.0
adidas,cash_flow,2025,Net Business Purchase And Sale,100000000.0
adidas,cash_flow,2024,Net Business Purchase And Sale,100000000.0
adidas,cash_flow,2023,Net Business Purchase And Sale,-19000000.0
adidas,cash_flow,2022,Net Business Purchase And Sale,1177000000.0
adidas,cash_flow,2025,Sale Of Business,100000000.0
adidas,cash_flow,2024,Sale Of Business,100000000.0
adidas,cash_flow,2023,Sale Of Business,0.0
adidas,cash_flow,2022,Sale Of Business,1177000000.0
adidas,cash_flow,2023,Purchase Of Business,-19000000.0
adidas,cash_flow,2025,Net Intangibles Purchase And Sale,-114000000.0
adidas,cash_flow,2024,Net Intangibles Purchase And Sale,-121000000.0
adidas,cash_flow,2023,Net Intangibles Purchase And Sale,-140000000.0
adidas,cash_flow,2022,Net Intangibles Purchase And Sale,-190000000.0
adidas,cash_flow,2024,Sale Of Intangibles,0.0
adidas,cash_flow,2023,Sale Of Intangibles,1000000.0
adidas,cash_flow,2022,Sale Of Intangibles,1000000.0
adidas,cash_flow,2021,Sale Of Intangibles,1000000.0
adidas,cash_flow,2025,Purchase Of Intangibles,-114000000.0
adidas,cash_flow,2024,Purchase Of Intangibles,-121000000.0
adidas,cash_flow,2023,Purchase Of Intangibles,-141000000.0
adidas,cash_flow,2022,Purchase Of Intangibles,-191000000.0
adidas,cash_flow,2025,Net PPE Purchase And Sale,-359000000.0
adidas,cash_flow,2024,Net PPE Purchase And Sale,-370000000.0
adidas,cash_flow,2023,Net PPE Purchase And Sale,-354000000.0
adidas,cash_flow,2022,Net PPE Purchase And Sale,-503000000.0
adidas,cash_flow,2025,Sale Of PPE,4000000.0
adidas,cash_flow,2024,Sale Of PPE,49000000.0
adidas,cash_flow,2023,Sale Of PPE,9000000.0
adidas,cash_flow,2022,Sale Of PPE,1000000.0
adidas,cash_flow,2025,Purchase Of PPE,-363000000.0
adidas,cash_flow,2024,Purchase Of PPE,-419000000.0
adidas,cash_flow,2023,Purchase Of PPE,-363000000.0
adidas,cash_flow,2022,Purchase Of PPE,-504000000.0
adidas,cash_flow,2025,Operating Cash Flow,751000000.0
adidas,cash_flow,2024,Operating Cash Flow,2910000000.0
adidas,cash_flow,2023,Operating Cash Flow,2550000000.0
adidas,cash_flow,2022,Operating Cash Flow,-479000000.0
adidas,cash_flow,2025,Taxes Refund Paid,-399000000.0
adidas,cash_flow,2024,Taxes Refund Paid,-236000000.0
adidas,cash_flow,2023,Taxes Refund Paid,-307000000.0
adidas,cash_flow,2022,Taxes Refund Paid,-424000000.0
adidas,cash_flow,2025,Change In Working Capital,-2043000000.0
adidas,cash_flow,2024,Change In Working Capital,685000000.0
adidas,cash_flow,2023,Change In Working Capital,1419000000.0
adidas,cash_flow,2022,Change In Working Capital,-1938000000.0
adidas,cash_flow,2025,Change In Payable,-377000000.0
adidas,cash_flow,2024,Change In Payable,2024000000.0
adidas,cash_flow,2023,Change In Payable,-857000000.0
adidas,cash_flow,2022,Change In Payable,736000000.0
adidas,cash_flow,2025,Change In Inventory,-1104000000.0
adidas,cash_flow,2024,Change In Inventory,-500000000.0
adidas,cash_flow,2023,Change In Inventory,1280000000.0
adidas,cash_flow,2022,Change In Inventory,-1879000000.0
adidas,cash_flow,2025,Change In Receivables,-562000000.0
adidas,cash_flow,2024,Change In Receivables,-839000000.0
adidas,cash_flow,2023,Change In Receivables,996000000.0
adidas,cash_flow,2022,Change In Receivables,-795000000.0
adidas,cash_flow,2025,Other Non Cash Items,191000000.0
adidas,cash_flow,2024,Other Non Cash Items,154000000.0
adidas,cash_flow,2023,Other Non Cash Items,115000000.0
adidas,cash_flow,2022,Other Non Cash Items,107000000.0
adidas,cash_flow,2025,Depreciation And Amortization,1121000000.0
adidas,cash_flow,2024,Depreciation And Amortization,1171000000.0
adidas,cash_flow,2023,Depreciation And Amortization,1096000000.0
adidas,cash_flow,2022,Depreciation And Amortization,1375000000.0
adidas,cash_flow,2025,Amortization Cash Flow,89000000.0
adidas,cash_flow,2024,Amortization Cash Flow,109000000.0
adidas,cash_flow,2023,Amortization Cash Flow,112000000.0
adidas,cash_flow,2025,Depreciation,1032000000.0
adidas,cash_flow,2024,Depreciation,1062000000.0
adidas,cash_flow,2023,Depreciation,984000000.0
adidas,cash_flow,2022,Depreciation,1375000000.0
adidas,cash_flow,2025,Net Foreign Currency Exchange Gain Loss,24000000.0
adidas,cash_flow,2024,Net Foreign Currency Exchange Gain Loss,-19000000.0
adidas,cash_flow,2023,Net Foreign Currency Exchange Gain Loss,88000000.0
adidas,cash_flow,2022,Net Foreign Currency Exchange Gain Loss,86000000.0
adidas,cash_flow,2025,Gain Loss On Sale Of PPE,20000000.0
adidas,cash_flow,2024,Gain Loss On Sale Of PPE,17000000.0
adidas,cash_flow,2023,Gain Loss On Sale Of PPE,20000000.0
adidas,cash_flow,2022,Gain Loss On Sale Of PPE,16000000.0
adidas,cash_flow,2025,Net Income From Continuing Operations,1820000000.0
adidas,cash_flow,2024,Net Income From Continuing Operations,1121000000.0
adidas,cash_flow,2023,Net Income From Continuing Operations,65000000.0
adidas,cash_flow,2022,Net Income From Continuing Operations,388000000.0
puma,income_statement,2025,Tax Effect Of Unusual Items,-7455000.0
puma,income_statement,2024,Tax Effect Of Unusual Items,7599000.0
puma,income_statement,2023,Tax Effect Of Unusual Items,-2681400.0
puma,income_statement,2022,Tax Effect Of Unusual Items,-6421800.0
puma,income_statement,2025,Tax Rate For Calcs,0.15
puma,income_statement,2024,Tax Rate For Calcs,0.298
puma,income_statement,2023,Tax Rate For Calcs,0.246
puma,income_statement,2022,Tax Rate For Calcs,0.231
puma,income_statement,2025,Normalized EBITDA,114700000.0
puma,income_statement,2024,Normalized EBITDA,878800000.0
puma,income_statement,2023,Normalized EBITDA,947500000.0
puma,income_statement,2022,Normalized EBITDA,1061900000.0
puma,income_statement,2025,Total Unusual Items,-49700000.0
puma,income_statement,2024,Total Unusual Items,25500000.0
puma,income_statement,2023,Total Unusual Items,-10900000.0
puma,income_statement,2022,Total Unusual Items,-27800000.0
puma,income_statement,2025,Total Unusual Items Excluding Goodwill,-49700000.0
puma,income_statement,2024,Total Unusual Items Excluding Goodwill,25500000.0
puma,income_statement,2023,Total Unusual Items Excluding Goodwill,-10900000.0
puma,income_statement,2022,Total Unusual Items Excluding Goodwill,-27800000.0
puma,income_statement,2025,Net Income From Continuing Operation Net Minority Interest,-673900000.0
puma,income_statement,2024,Net Income From Continuing Operation Net Minority Interest,219900000.0
puma,income_statement,2023,Net Income From Continuing Operation Net Minority Interest,304900000.0
puma,income_statement,2022,Net Income From Continuing Operation Net Minority Interest,353500000.0
puma,income_statement,2025,Reconciled Depreciation,475100000.0
puma,income_statement,2024,Reconciled Depreciation,386900000.0
puma,income_statement,2023,Reconciled Depreciation,357500000.0
puma,income_statement,2022,Reconciled Depreciation,358700000.0
puma,income_statement,2025,Reconciled Cost Of Revenue,4016500000.0
puma,income_statement,2024,Reconciled Cost Of Revenue,4400200000.0
puma,income_statement,2023,Reconciled Cost Of Revenue,4615100000.0
puma,income_statement,2022,Reconciled Cost Of Revenue,4562300000.0
puma,income_statement,2025,EBITDA,65000000.0
puma,income_statement,2024,EBITDA,904300000.0
puma,income_statement,2023,EBITDA,936600000.0
puma,income_statement,2022,EBITDA,1034100000.0
puma,income_statement,2025,EBIT,-410100000.0
puma,income_statement,2024,EBIT,517400000.0
puma,income_statement,2023,EBIT,579100000.0
puma,income_statement,2022,EBIT,675400000.0
puma,income_statement,2025,Net Interest Income,-99700000.0
puma,income_statement,2024,Net Interest Income,-86300000.0
puma,income_statement,2023,Net Interest Income,-63000000.0
puma,income_statement,2022,Net Interest Income,-58900000.0
puma,income_statement,2025,Interest Expense,112800000.0
puma,income_statement,2024,Interest Expense,117700000.0
puma,income_statement,2023,Interest Expense,100800000.0
puma,income_statement,2022,Interest Expense,123700000.0
puma,income_statement,2025,Interest Income,13100000.0
puma,income_statement,2024,Interest Income,31400000.0
puma,income_statement,2023,Interest Income,37800000.0
puma,income_statement,2022,Interest Income,79400000.0
puma,income_statement,2025,Normalized Income,-631655000.0
puma,income_statement,2024,Normalized Income,201999000.0
puma,income_statement,2023,Normalized Income,313118600.0
puma,income_statement,2022,Normalized Income,374878200.0
puma,income_statement,2025,Net Income From Continuing And Discontinued Operation,-645500000.0
puma,income_statement,2024,Net Income From Continuing And Discontinued Operation,281600000.0
puma,income_statement,2023,Net Income From Continuing And Discontinued Operation,304900000.0
puma,income_statement,2022,Net Income From Continuing And Discontinued Operation,353500000.0
puma,income_statement,2025,Total Expenses,7653500000.0
puma,income_statement,2024,Total Expenses,7849400000.0
puma,income_statement,2023,Total Expenses,7980200000.0
puma,income_statement,2022,Total Expenses,7824500000.0
puma,income_statement,2025,Total Operating Income As Reported,-357200000.0
puma,income_statement,2024,Total Operating Income As Reported,548700000.0
puma,income_statement,2023,Total Operating Income As Reported,621600000.0
puma,income_statement,2022,Total Operating Income As Reported,640600000.0
puma,income_statement,2025,Diluted Average Shares,147533141.0
puma,income_statement,2024,Diluted Average Shares,149375848.0
puma,income_statement,2023,Diluted Average Shares,149871901.0
puma,income_statement,2022,Diluted Average Shares,149663837.0
puma,income_statement,2025,Basic Average Shares,147405155.0
puma,income_statement,2024,Basic Average Shares,149320990.0
puma,income_statement,2023,Basic Average Shares,149852251.0
puma,income_statement,2022,Basic Average Shares,149649158.0
puma,income_statement,2025,Diluted EPS,-4.38
puma,income_statement,2024,Diluted EPS,1.89
puma,income_statement,2023,Diluted EPS,2.03
puma,income_statement,2022,Diluted EPS,2.36
puma,income_statement,2025,Basic EPS,-4.38
puma,income_statement,2024,Basic EPS,1.89
puma,income_statement,2023,Basic EPS,2.03
puma,income_statement,2022,Basic EPS,2.36
puma,income_statement,2025,Diluted NI Availto Com Stockholders,-645500000.0
puma,income_statement,2024,Diluted NI Availto Com Stockholders,281600000.0
puma,income_statement,2023,Diluted NI Availto Com Stockholders,304900000.0
puma,income_statement,2022,Diluted NI Availto Com Stockholders,353500000.0
puma,income_statement,2025,Net Income Common Stockholders,-645500000.0
puma,income_statement,2024,Net Income Common Stockholders,281600000.0
puma,income_statement,2023,Net Income Common Stockholders,304900000.0
puma,income_statement,2022,Net Income Common Stockholders,353500000.0
puma,income_statement,2025,Otherunder Preferred Stock Dividend,0.0
puma,income_statement,2024,Otherunder Preferred Stock Dividend,0.0
puma,income_statement,2023,Otherunder Preferred Stock Dividend,0.0
puma,income_statement,2022,Otherunder Preferred Stock Dividend,0.0
puma,income_statement,2025,Net Income,-645500000.0
puma,income_statement,2024,Net Income,281600000.0
puma,income_statement,2023,Net Income,304900000.0
puma,income_statement,2022,Net Income,353500000.0
puma,income_statement,2025,Minority Interests,-30300000.0
puma,income_statement,2024,Minority Interests,-60700000.0
puma,income_statement,2023,Minority Interests,-55700000.0
puma,income_statement,2022,Minority Interests,-70900000.0
puma,income_statement,2025,Net Income Including Noncontrolling Interests,-615200000.0
puma,income_statement,2024,Net Income Including Noncontrolling Interests,342300000.0
puma,income_statement,2023,Net Income Including Noncontrolling Interests,360600000.0
puma,income_statement,2022,Net Income Including Noncontrolling Interests,424400000.0
puma,income_statement,2025,Net Income Discontinuous Operations,28400000.0
puma,income_statement,2024,Net Income Discontinuous Operations,61700000.0
puma,income_statement,2025,Net Income Continuous Operations,-643600000.0
puma,income_statement,2024,Net Income Continuous Operations,280700000.0
puma,income_statement,2023,Net Income Continuous Operations,360500000.0
puma,income_statement,2022,Net Income Continuous Operations,424300000.0
puma,income_statement,2025,Tax Provision,120700000.0
puma,income_statement,2024,Tax Provision,119000000.0
puma,income_statement,2023,Tax Provision,117800000.0
puma,income_statement,2022,Tax Provision,127400000.0
puma,income_statement,2025,Pretax Income,-522900000.0
puma,income_statement,2024,Pretax Income,399700000.0
puma,income_statement,2023,Pretax Income,478300000.0
puma,income_statement,2022,Pretax Income,551700000.0
puma,income_statement,2025,Special Income Charges,-16400000.0
puma,income_statement,2024,Special Income Charges,-26200000.0
puma,income_statement,2023,Special Income Charges,-23700000.0
puma,income_statement,2022,Special Income Charges,-27800000.0
puma,income_statement,2025,Other Special Charges,7800000.0
puma,income_statement,2024,Other Special Charges,17400000.0
puma,income_statement,2023,Other Special Charges,23700000.0
puma,income_statement,2022,Other Special Charges,27800000.0
puma,income_statement,2022,Write Off,4400000.0
puma,income_statement,2021,Write Off,-200000.0
puma,income_statement,2025,Impairment Of Capital Assets,8600000.0
puma,income_statement,2024,Impairment Of Capital Assets,8800000.0
puma,income_statement,2023,Impairment Of Capital Assets,0.0
puma,income_statement,2025,Net Non Operating Interest Income Expense,-99700000.0
puma,income_statement,2024,Net Non Operating Interest Income Expense,-86300000.0
puma,income_statement,2023,Net Non Operating Interest Income Expense,-63000000.0
puma,income_statement,2022,Net Non Operating Interest Income Expense,-58900000.0
puma,income_statement,2023,Total Other Finance Cost,5000000.0
puma,income_statement,2022,Total Other Finance Cost,14600000.0
puma,income_statement,2021,Total Other Finance Cost,10200000.0
puma,income_statement,2025,Interest Expense Non Operating,112800000.0
puma,income_statement,2024,Interest Expense Non Operating,117700000.0
puma,income_statement,2023,Interest Expense Non Operating,100800000.0
puma,income_statement,2022,Interest Expense Non Operating,123700000.0
puma,income_statement,2025,Interest Income Non Operating,13100000.0
puma,income_statement,2024,Interest Income Non Operating,31400000.0
puma,income_statement,2023,Interest Income Non Operating,37800000.0
puma,income_statement,2022,Interest Income Non Operating,79400000.0
puma,income_statement,2025,Operating Income,-357400000.0
puma,income_statement,2024,Operating Income,548600000.0
puma,income_statement,2023,Operating Income,621500000.0
puma,income_statement,2022,Operating Income,640500000.0
puma,income_statement,2025,Operating Expense,3637000000.0
puma,income_statement,2024,Operating Expense,3449200000.0
puma,income_statement,2023,Operating Expense,3365100000.0
puma,income_statement,2022,Operating Expense,3262200000.0
puma,income_statement,2025,Research And Development,83600000.0
puma,income_statement,2024,Research And Development,92400000.0
puma,income_statement,2023,Research And Development,89000000.0
puma,income_statement,2022,Research And Development,82200000.0
puma,income_statement,2025,Selling General And Administration,3651300000.0
puma,income_statement,2024,Selling General And Administration,3453600000.0
puma,income_statement,2023,Selling General And Administration,3332400000.0
puma,income_statement,2022,Selling General And Administration,3213900000.0
puma,income_statement,2025,Selling And Marketing Expense,3008100000.0
puma,income_statement,2024,Selling And Marketing Expense,2968600000.0
puma,income_statement,2023,Selling And Marketing Expense,2881500000.0
puma,income_statement,2022,Selling And Marketing Expense,2748100000.0
puma,income_statement,2025,General And Administrative Expense,643200000.0
puma,income_statement,2024,General And Administrative Expense,485000000.0
puma,income_statement,2023,General And Administrative Expense,450900000.0
puma,income_statement,2022,General And Administrative Expense,465800000.0
puma,income_statement,2025,Gross Profit,3279600000.0
puma,income_statement,2024,Gross Profit,3997800000.0
puma,income_statement,2023,Gross Profit,3986600000.0
puma,income_statement,2022,Gross Profit,3902700000.0
puma,income_statement,2025,Cost Of Revenue,4016500000.0
puma,income_statement,2024,Cost Of Revenue,4400200000.0
puma,income_statement,2023,Cost Of Revenue,4615100000.0
puma,income_statement,2022,Cost Of Revenue,4562300000.0
puma,income_statement,2025,Total Revenue,7296200000.0
puma,income_statement,2024,Total Revenue,8398000000.0
puma,income_statement,2023,Total Revenue,8601700000.0
puma,income_statement,2022,Total Revenue,8465100000.0
puma,income_statement,2025,Operating Revenue,7296200000.0
puma,income_statement,2024,Operating Revenue,8398000000.0
puma,income_statement,2023,Operating Revenue,8601700000.0
puma,income_statement,2022,Operating Revenue,8465100000.0
puma,balance_sheet,2025,Treasury Shares Number,799021.0
puma,balance_sheet,2024,Treasury Shares Number,873783.0
puma,balance_sheet,2023,Treasury Shares Number,980096.0
puma,balance_sheet,2022,Treasury Shares Number,1065996.0
puma,balance_sheet,2025,Ordinary Shares Number,147208905.0
puma,balance_sheet,2024,Ordinary Shares Number,148824413.0
puma,balance_sheet,2023,Ordinary Shares Number,149844544.0
puma,balance_sheet,2022,Ordinary Shares Number,149758644.0
puma,balance_sheet,2025,Share Issued,148007926.0
puma,balance_sheet,2024,Share Issued,149698196.0
puma,balance_sheet,2023,Share Issued,150824640.0
puma,balance_sheet,2022,Share Issued,150824640.0
puma,balance_sheet,2025,Net Debt,1063500000.0
puma,balance_sheet,2024,Net Debt,119800000.0
puma,balance_sheet,2023,Net Debt,19100000.0
puma,balance_sheet,2025,Total Debt,2582300000.0
puma,balance_sheet,2024,Total Debt,1718600000.0
puma,balance_sheet,2023,Total Debt,1804400000.0
puma,balance_sheet,2022,Total Debt,1557900000.0
puma,balance_sheet,2025,Tangible Book Value,1213700000.0
puma,balance_sheet,2024,Tangible Book Value,2241900000.0
puma,balance_sheet,2023,Tangible Book Value,2022600000.0
puma,balance_sheet,2022,Tangible Book Value,1965200000.0
puma,balance_sheet,2025,Invested Capital,3114400000.0
puma,balance_sheet,2024,Invested Capital,3315700000.0
puma,balance_sheet,2023,Invested Capital,3125400000.0
puma,balance_sheet,2022,Invested Capital,2799100000.0
puma,balance_sheet,2025,Working Capital,573500000.0
puma,balance_sheet,2024,Working Capital,1434300000.0
puma,balance_sheet,2023,Working Capital,1393900000.0
puma,balance_sheet,2022,Working Capital,1357400000.0
puma,balance_sheet,2025,Net Tangible Assets,1213700000.0
puma,balance_sheet,2024,Net Tangible Assets,2241900000.0
puma,balance_sheet,2023,Net Tangible Assets,2022600000.0
puma,balance_sheet,2022,Net Tangible Assets,1965200000.0
puma,balance_sheet,2025,Capital Lease Obligations,1228800000.0
puma,balance_sheet,2024,Capital Lease Obligations,1230600000.0
puma,balance_sheet,2023,Capital Lease Obligations,1232400000.0
puma,balance_sheet,2022,Capital Lease Obligations,1230500000.0
puma,balance_sheet,2025,Common Stock Equity,1760900000.0
puma,balance_sheet,2024,Common Stock Equity,2827700000.0
puma,balance_sheet,2023,Common Stock Equity,2553400000.0
puma,balance_sheet,2022,Common Stock Equity,2471700000.0
puma,balance_sheet,2025,Total Capitalization,2185100000.0
puma,balance_sheet,2024,Total Capitalization,3184100000.0
puma,balance_sheet,2023,Total Capitalization,2979500000.0
puma,balance_sheet,2022,Total Capitalization,2723200000.0
puma,balance_sheet,2025,Total Equity Gross Minority Interest,1760900000.0
puma,balance_sheet,2024,Total Equity Gross Minority Interest,2828600000.0
puma,balance_sheet,2023,Total Equity Gross Minority Interest,2582300000.0
puma,balance_sheet,2022,Total Equity Gross Minority Interest,2538800000.0
puma,balance_sheet,2025,Minority Interest,0.0
puma,balance_sheet,2024,Minority Interest,900000.0
puma,balance_sheet,2023,Minority Interest,28900000.0
puma,balance_sheet,2022,Minority Interest,67100000.0
puma,balance_sheet,2025,Stockholders Equity,1760900000.0
puma,balance_sheet,2024,Stockholders Equity,2827700000.0
puma,balance_sheet,2023,Stockholders Equity,2553400000.0
puma,balance_sheet,2022,Stockholders Equity,2471700000.0
puma,balance_sheet,2021,Other Equity Interest,100000.0
puma,balance_sheet,2025,Treasury Stock,17600000.0
puma,balance_sheet,2024,Treasury Stock,19300000.0
puma,balance_sheet,2023,Treasury Stock,21600000.0
puma,balance_sheet,2022,Treasury Stock,23500000.0
puma,balance_sheet,2025,Additional Paid In Capital,97700000.0
puma,balance_sheet,2024,Additional Paid In Capital,94800000.0
puma,balance_sheet,2023,Additional Paid In Capital,93800000.0
puma,balance_sheet,2022,Additional Paid In Capital,90800000.0
puma,balance_sheet,2025,Capital Stock,148000000.0
puma,balance_sheet,2024,Capital Stock,149700000.0
puma,balance_sheet,2023,Capital Stock,150800000.0
puma,balance_sheet,2022,Capital Stock,150800000.0
puma,balance_sheet,2025,Common Stock,148000000.0
puma,balance_sheet,2024,Common Stock,149700000.0
puma,balance_sheet,2023,Common Stock,150800000.0
puma,balance_sheet,2022,Common Stock,150800000.0
puma,balance_sheet,2025,Total Liabilities Net Minority Interest,4693700000.0
puma,balance_sheet,2024,Total Liabilities Net Minority Interest,4312000000.0
puma,balance_sheet,2023,Total Liabilities Net Minority Interest,4058100000.0
puma,balance_sheet,2022,Total Liabilities Net Minority Interest,4233900000.0
puma,balance_sheet,2025,Total Non Current Liabilities Net Minority Interest,1496900000.0
puma,balance_sheet,2024,Total Non Current Liabilities Net Minority Interest,1441100000.0
puma,balance_sheet,2023,Total Non Current Liabilities Net Minority Interest,1520900000.0
puma,balance_sheet,2022,Total Non Current Liabilities Net Minority Interest,1390900000.0
puma,balance_sheet,2025,Other Non Current Liabilities,600000.0
puma,balance_sheet,2024,Other Non Current Liabilities,1000000.0
puma,balance_sheet,2023,Other Non Current Liabilities,1200000.0
puma,balance_sheet,2022,Other Non Current Liabilities,1400000.0
puma,balance_sheet,2025,Non Current Pension And Other Postretirement Benefit Plans,25600000.0
puma,balance_sheet,2024,Non Current Pension And Other Postretirement Benefit Plans,27300000.0
puma,balance_sheet,2023,Non Current Pension And Other Postretirement Benefit Plans,22500000.0
puma,balance_sheet,2022,Non Current Pension And Other Postretirement Benefit Plans,22400000.0
puma,balance_sheet,2025,Non Current Deferred Taxes Liabilities,5200000.0
puma,balance_sheet,2024,Non Current Deferred Taxes Liabilities,14200000.0
puma,balance_sheet,2023,Non Current Deferred Taxes Liabilities,12400000.0
puma,balance_sheet,2022,Non Current Deferred Taxes Liabilities,42000000.0
puma,balance_sheet,2025,Long Term Debt And Capital Lease Obligation,1435400000.0
puma,balance_sheet,2024,Long Term Debt And Capital Lease Obligation,1366400000.0
puma,balance_sheet,2023,Long Term Debt And Capital Lease Obligation,1446100000.0
puma,balance_sheet,2022,Long Term Debt And Capital Lease Obligation,1281800000.0
puma,balance_sheet,2025,Long Term Capital Lease Obligation,1011200000.0
puma,balance_sheet,2024,Long Term Capital Lease Obligation,1010000000.0
puma,balance_sheet,2023,Long Term Capital Lease Obligation,1020000000.0
puma,balance_sheet,2022,Long Term Capital Lease Obligation,1030300000.0
puma,balance_sheet,2025,Long Term Debt,424200000.0
puma,balance_sheet,2024,Long Term Debt,356400000.0
puma,balance_sheet,2023,Long Term Debt,426100000.0
puma,balance_sheet,2022,Long Term Debt,251500000.0
puma,balance_sheet,2025,Long Term Provisions,26400000.0
puma,balance_sheet,2024,Long Term Provisions,29300000.0
puma,balance_sheet,2023,Long Term Provisions,27300000.0
puma,balance_sheet,2022,Long Term Provisions,29500000.0
puma,balance_sheet,2025,Current Liabilities,3196800000.0
puma,balance_sheet,2024,Current Liabilities,2870900000.0
puma,balance_sheet,2023,Current Liabilities,2537200000.0
puma,balance_sheet,2022,Current Liabilities,2843000000.0
puma,balance_sheet,2025,Other Current Liabilities,523400000.0
puma,balance_sheet,2024,Other Current Liabilities,470000000.0
puma,balance_sheet,2023,Other Current Liabilities,493500000.0
puma,balance_sheet,2022,Other Current Liabilities,618800000.0
puma,balance_sheet,2025,Current Debt And Capital Lease Obligation,1146900000.0
puma,balance_sheet,2024,Current Debt And Capital Lease Obligation,352200000.0
puma,balance_sheet,2023,Current Debt And Capital Lease Obligation,358300000.0
puma,balance_sheet,2022,Current Debt And Capital Lease Obligation,276100000.0
puma,balance_sheet,2025,Current Capital Lease Obligation,217600000.0
puma,balance_sheet,2024,Current Capital Lease Obligation,220600000.0
puma,balance_sheet,2023,Current Capital Lease Obligation,212400000.0
puma,balance_sheet,2022,Current Capital Lease Obligation,200200000.0
puma,balance_sheet,2025,Current Debt,929300000.0
puma,balance_sheet,2024,Current Debt,131600000.0
puma,balance_sheet,2023,Current Debt,145900000.0
puma,balance_sheet,2022,Current Debt,75900000.0
puma,balance_sheet,2025,Current Provisions,56500000.0
puma,balance_sheet,2024,Current Provisions,39000000.0
puma,balance_sheet,2023,Current Provisions,27700000.0
puma,balance_sheet,2022,Current Provisions,50300000.0
puma,balance_sheet,2025,Payables,1325900000.0
puma,balance_sheet,2024,Payables,1962600000.0
puma,balance_sheet,2023,Payables,1579100000.0
puma,balance_sheet,2022,Payables,1821700000.0
puma,balance_sheet,2025,Total Tax Payable,54500000.0
puma,balance_sheet,2024,Total Tax Payable,69100000.0
puma,balance_sheet,2023,Total Tax Payable,79300000.0
puma,balance_sheet,2022,Total Tax Payable,86800000.0
puma,balance_sheet,2025,Accounts Payable,1271400000.0
puma,balance_sheet,2024,Accounts Payable,1893500000.0
puma,balance_sheet,2023,Accounts Payable,1499800000.0
puma,balance_sheet,2022,Accounts Payable,1734900000.0
puma,balance_sheet,2025,Total Assets,6454600000.0
puma,balance_sheet,2024,Total Assets,7140600000.0
puma,balance_sheet,2023,Total Assets,6640400000.0
puma,balance_sheet,2022,Total Assets,6772700000.0
puma,balance_sheet,2025,Total Non Current Assets,2684300000.0
puma,balance_sheet,2024,Total Non Current Assets,2835400000.0
puma,balance_sheet,2023,Total Non Current Assets,2709300000.0
puma,balance_sheet,2022,Total Non Current Assets,2572300000.0
puma,balance_sheet,2025,Other Non Current Assets,49800000.0
puma,balance_sheet,2024,Other Non Current Assets,28000000.0
puma,balance_sheet,2023,Other Non Current Assets,25600000.0
puma,balance_sheet,2022,Other Non Current Assets,8900000.0
puma,balance_sheet,2025,Non Current Deferred Taxes Assets,211000000.0
puma,balance_sheet,2024,Non Current Deferred Taxes Assets,243600000.0
puma,balance_sheet,2023,Non Current Deferred Taxes Assets,296100000.0
puma,balance_sheet,2022,Non Current Deferred Taxes Assets,295000000.0
puma,balance_sheet,2025,Financial Assets,2400000.0
puma,balance_sheet,2024,Financial Assets,28000000.0
puma,balance_sheet,2023,Financial Assets,1400000.0
puma,balance_sheet,2022,Financial Assets,2500000.0
puma,balance_sheet,2025,Other Investments,19600000.0
puma,balance_sheet,2024,Other Investments,18500000.0
puma,balance_sheet,2023,Other Investments,21200000.0
puma,balance_sheet,2022,Other Investments,21700000.0
puma,balance_sheet,2025,Investmentin Financial Assets,29200000.0
puma,balance_sheet,2024,Investmentin Financial Assets,33100000.0
puma,balance_sheet,2023,Investmentin Financial Assets,35700000.0
puma,balance_sheet,2022,Investmentin Financial Assets,34200000.0
puma,balance_sheet,2025,Available For Sale Securities,29200000.0
puma,balance_sheet,2024,Available For Sale Securities,33100000.0
puma,balance_sheet,2023,Available For Sale Securities,35700000.0
puma,balance_sheet,2022,Available For Sale Securities,34200000.0
puma,balance_sheet,2025,Goodwill And Other Intangible Assets,547200000.0
puma,balance_sheet,2024,Goodwill And Other Intangible Assets,585800000.0
puma,balance_sheet,2023,Goodwill And Other Intangible Assets,530800000.0
puma,balance_sheet,2022,Goodwill And Other Intangible Assets,506500000.0
puma,balance_sheet,2025,Other Intangible Assets,358400000.0
puma,balance_sheet,2024,Other Intangible Assets,348600000.0
puma,balance_sheet,2023,Other Intangible Assets,291800000.0
puma,balance_sheet,2022,Other Intangible Assets,263800000.0
puma,balance_sheet,2025,Goodwill,188800000.0
puma,balance_sheet,2024,Goodwill,237200000.0
puma,balance_sheet,2023,Goodwill,239000000.0
puma,balance_sheet,2022,Goodwill,242700000.0
puma,balance_sheet,2025,Net PPE,1816100000.0
puma,balance_sheet,2024,Net PPE,1882600000.0
puma,balance_sheet,2023,Net PPE,1773200000.0
puma,balance_sheet,2022,Net PPE,1703500000.0
puma,balance_sheet,2025,Accumulated Depreciation,-661100000.0
puma,balance_sheet,2024,Accumulated Depreciation,-655000000.0
puma,balance_sheet,2023,Accumulated Depreciation,-574400000.0
puma,balance_sheet,2022,Accumulated Depreciation,-535100000.0
puma,balance_sheet,2025,Gross PPE,2477200000.0
puma,balance_sheet,2024,Gross PPE,2537600000.0
puma,balance_sheet,2023,Gross PPE,2347600000.0
puma,balance_sheet,2022,Gross PPE,2238600000.0
puma,balance_sheet,2025,Construction In Progress,45900000.0
puma,balance_sheet,2024,Construction In Progress,41700000.0
puma,balance_sheet,2023,Construction In Progress,94800000.0
puma,balance_sheet,2022,Construction In Progress,75100000.0
puma,balance_sheet,2025,Other Properties,254600000.0
puma,balance_sheet,2024,Other Properties,286000000.0
puma,balance_sheet,2023,Other Properties,255200000.0
puma,balance_sheet,2022,Other Properties,242500000.0
puma,balance_sheet,2025,Machinery Furniture Equipment,1118100000.0
puma,balance_sheet,2024,Machinery Furniture Equipment,1158500000.0
puma,balance_sheet,2023,Machinery Furniture Equipment,975700000.0
puma,balance_sheet,2022,Machinery Furniture Equipment,877000000.0
puma,balance_sheet,2025,Buildings And Improvements,1058600000.0
puma,balance_sheet,2024,Buildings And Improvements,1051400000.0
puma,balance_sheet,2023,Buildings And Improvements,1021900000.0
puma,balance_sheet,2022,Buildings And Improvements,1044000000.0
puma,balance_sheet,2022,Land And Improvements,175200000.0
puma,balance_sheet,2021,Land And Improvements,168600000.0
puma,balance_sheet,2025,Properties,0.0
puma,balance_sheet,2024,Properties,0.0
puma,balance_sheet,2023,Properties,0.0
puma,balance_sheet,2022,Properties,0.0
puma,balance_sheet,2025,Current Assets,3770300000.0
puma,balance_sheet,2024,Current Assets,4305200000.0
puma,balance_sheet,2023,Current Assets,3931100000.0
puma,balance_sheet,2022,Current Assets,4200400000.0
puma,balance_sheet,2024,Other Current Assets,-100000.0
puma,balance_sheet,2023,Other Current Assets,-100000.0
puma,balance_sheet,2022,Other Current Assets,-100000.0
puma,balance_sheet,2021,Other Current Assets,-100000.0
puma,balance_sheet,2025,Hedging Assets Current,42100000.0
puma,balance_sheet,2024,Hedging Assets Current,147100000.0
puma,balance_sheet,2023,Hedging Assets Current,34500000.0
puma,balance_sheet,2022,Hedging Assets Current,115900000.0
puma,balance_sheet,2025,Prepaid Assets,120300000.0
puma,balance_sheet,2024,Prepaid Assets,102400000.0
puma,balance_sheet,2023,Prepaid Assets,101200000.0
puma,balance_sheet,2022,Prepaid Assets,89400000.0
puma,balance_sheet,2025,Inventory,2058500000.0
puma,balance_sheet,2024,Inventory,2013400000.0
puma,balance_sheet,2023,Inventory,1801500000.0
puma,balance_sheet,2022,Inventory,2241900000.0
puma,balance_sheet,2025,Other Inventories,70800000.0
puma,balance_sheet,2024,Other Inventories,46100000.0
puma,balance_sheet,2023,Other Inventories,45200000.0
puma,balance_sheet,2022,Other Inventories,66900000.0
puma,balance_sheet,2025,Finished Goods,1963300000.0
puma,balance_sheet,2024,Finished Goods,1932800000.0
puma,balance_sheet,2023,Finished Goods,1721400000.0
puma,balance_sheet,2022,Finished Goods,2128200000.0
puma,balance_sheet,2025,Raw Materials,24400000.0
puma,balance_sheet,2024,Raw Materials,34500000.0
puma,balance_sheet,2023,Raw Materials,34900000.0
puma,balance_sheet,2022,Raw Materials,46800000.0
puma,balance_sheet,2025,Other Receivables,21900000.0
puma,balance_sheet,2024,Other Receivables,23400000.0
puma,balance_sheet,2023,Other Receivables,47600000.0
puma,balance_sheet,2022,Other Receivables,21500000.0
puma,balance_sheet,2025,Taxes Receivable,280400000.0
puma,balance_sheet,2024,Taxes Receivable,222900000.0
puma,balance_sheet,2023,Taxes Receivable,214600000.0
puma,balance_sheet,2022,Taxes Receivable,182200000.0
puma,balance_sheet,2025,Accounts Receivable,913400000.0
puma,balance_sheet,2024,Accounts Receivable,1246600000.0
puma,balance_sheet,2023,Accounts Receivable,1118400000.0
puma,balance_sheet,2022,Accounts Receivable,1064900000.0
puma,balance_sheet,2025,Allowance For Doubtful Accounts Receivable,-55000000.0
puma,balance_sheet,2024,Allowance For Doubtful Accounts Receivable,-61900000.0
puma,balance_sheet,2023,Allowance For Doubtful Accounts Receivable,-65000000.0
puma,balance_sheet,2022,Allowance For Doubtful Accounts Receivable,-57900000.0
puma,balance_sheet,2025,Gross Accounts Receivable,968400000.0
puma,balance_sheet,2024,Gross Accounts Receivable,1308500000.0
puma,balance_sheet,2023,Gross Accounts Receivable,1183400000.0
puma,balance_sheet,2022,Gross Accounts Receivable,1122800000.0
puma,balance_sheet,2025,Cash Cash Equivalents And Short Term Investments,324900000.0
puma,balance_sheet,2024,Cash Cash Equivalents And Short Term Investments,537000000.0
puma,balance_sheet,2023,Cash Cash Equivalents And Short Term Investments,598500000.0
puma,balance_sheet,2022,Cash Cash Equivalents And Short Term Investments,484700000.0
puma,balance_sheet,2025,Other Short Term Investments,34900000.0
puma,balance_sheet,2024,Other Short Term Investments,168800000.0
puma,balance_sheet,2023,Other Short Term Investments,45600000.0
puma,balance_sheet,2022,Other Short Term Investments,21600000.0
puma,balance_sheet,2025,Cash And Cash Equivalents,290000000.0
puma,balance_sheet,2024,Cash And Cash Equivalents,368200000.0
puma,balance_sheet,2023,Cash And Cash Equivalents,552900000.0
puma,balance_sheet,2022,Cash And Cash Equivalents,463100000.0
puma,cash_flow,2025,Free Cash Flow,-525600000.0
puma,cash_flow,2024,Free Cash Flow,431800000.0
puma,cash_flow,2023,Free Cash Flow,353200000.0
puma,cash_flow,2022,Free Cash Flow,154700000.0
puma,cash_flow,2025,Repurchase Of Capital Stock,-59700000.0
puma,cash_flow,2024,Repurchase Of Capital Stock,-50000000.0
puma,cash_flow,2023,Repurchase Of Capital Stock,0.0
puma,cash_flow,2025,Repayment Of Debt,-76200000.0
puma,cash_flow,2024,Repayment Of Debt,-125000000.0
puma,cash_flow,2023,Repayment Of Debt,-59100000.0
puma,cash_flow,2022,Repayment Of Debt,-69500000.0
puma,cash_flow,2025,Issuance Of Debt,1005800000.0
puma,cash_flow,2024,Issuance Of Debt,39000000.0
puma,cash_flow,2023,Issuance Of Debt,299600000.0
puma,cash_flow,2022,Issuance Of Debt,17900000.0
puma,cash_flow,2025,Capital Expenditure,-206300000.0
puma,cash_flow,2024,Capital Expenditure,-263000000.0
puma,cash_flow,2023,Capital Expenditure,-300400000.0
puma,cash_flow,2022,Capital Expenditure,-263600000.0
puma,cash_flow,2025,End Cash Position,290000000.0
puma,cash_flow,2024,End Cash Position,368200000.0
puma,cash_flow,2023,End Cash Position,552900000.0
puma,cash_flow,2022,End Cash Position,463100000.0
puma,cash_flow,2022,Other Cash Adjustment Outside Changein Cash,100000.0
puma,cash_flow,2021,Other Cash Adjustment Outside Changein Cash,-200000.0
puma,cash_flow,2025,Beginning Cash Position,368200000.0
puma,cash_flow,2024,Beginning Cash Position,552900000.0
puma,cash_flow,2023,Beginning Cash Position,463100000.0
puma,cash_flow,2022,Beginning Cash Position,757500000.0
puma,cash_flow,2025,Effect Of Exchange Rate Changes,55200000.0
puma,cash_flow,2024,Effect Of Exchange Rate Changes,48800000.0
puma,cash_flow,2023,Effect Of Exchange Rate Changes,-2100000.0
puma,cash_flow,2022,Effect Of Exchange Rate Changes,4400000.0
puma,cash_flow,2025,Changes In Cash,-133400000.0
puma,cash_flow,2024,Changes In Cash,-233500000.0
puma,cash_flow,2023,Changes In Cash,91900000.0
puma,cash_flow,2022,Changes In Cash,-298900000.0
puma,cash_flow,2025,Financing Cash Flow,396900000.0
puma,cash_flow,2024,Financing Cash Flow,-697800000.0
puma,cash_flow,2023,Financing Cash Flow,-277100000.0
puma,cash_flow,2022,Financing Cash Flow,-476400000.0
puma,cash_flow,2025,Net Other Financing Charges,100000.0
puma,cash_flow,2024,Net Other Financing Charges,100000.0
puma,cash_flow,2023,Net Other Financing Charges,-100000.0
puma,cash_flow,2022,Net Other Financing Charges,8400000.0
puma,cash_flow,2025,Interest Paid Cff,-119700000.0
puma,cash_flow,2024,Interest Paid Cff,-127200000.0
puma,cash_flow,2023,Interest Paid Cff,-94300000.0
puma,cash_flow,2022,Interest Paid Cff,-53800000.0
puma,cash_flow,2025,Cash Dividends Paid,-89800000.0
puma,cash_flow,2024,Cash Dividends Paid,-122800000.0
puma,cash_flow,2023,Cash Dividends Paid,-122800000.0
puma,cash_flow,2022,Cash Dividends Paid,-107700000.0
puma,cash_flow,2025,Net Common Stock Issuance,-59700000.0
puma,cash_flow,2024,Net Common Stock Issuance,-50000000.0
puma,cash_flow,2023,Net Common Stock Issuance,0.0
puma,cash_flow,2025,Common Stock Payments,-59700000.0
puma,cash_flow,2024,Common Stock Payments,-50000000.0
puma,cash_flow,2023,Common Stock Payments,0.0
puma,cash_flow,2025,Net Issuance Payments Of Debt,929600000.0
puma,cash_flow,2024,Net Issuance Payments Of Debt,-86000000.0
puma,cash_flow,2023,Net Issuance Payments Of Debt,240500000.0
puma,cash_flow,2022,Net Issuance Payments Of Debt,-51600000.0
puma,cash_flow,2025,Net Short Term Debt Issuance,654600000.0
puma,cash_flow,2024,Net Short Term Debt Issuance,-86000000.0
puma,cash_flow,2023,Net Short Term Debt Issuance,-59100000.0
puma,cash_flow,2022,Net Short Term Debt Issuance,8400000.0
puma,cash_flow,2025,Short Term Debt Payments,-76200000.0
puma,cash_flow,2024,Short Term Debt Payments,-125000000.0
puma,cash_flow,2023,Short Term Debt Payments,-59100000.0
puma,cash_flow,2022,Short Term Debt Payments,-9500000.0
puma,cash_flow,2025,Short Term Debt Issuance,730800000.0
puma,cash_flow,2024,Short Term Debt Issuance,39000000.0
puma,cash_flow,2023,Short Term Debt Issuance,0.0
puma,cash_flow,2022,Short Term Debt Issuance,17900000.0
puma,cash_flow,2025,Net Long Term Debt Issuance,275000000.0
puma,cash_flow,2024,Net Long Term Debt Issuance,0.0
puma,cash_flow,2023,Net Long Term Debt Issuance,299600000.0
puma,cash_flow,2022,Net Long Term Debt Issuance,-60000000.0
puma,cash_flow,2023,Long Term Debt Payments,0.0
puma,cash_flow,2022,Long Term Debt Payments,-60000000.0
puma,cash_flow,2021,Long Term Debt Payments,-68500000.0
puma,cash_flow,2025,Long Term Debt Issuance,275000000.0
puma,cash_flow,2024,Long Term Debt Issuance,0.0
puma,cash_flow,2023,Long Term Debt Issuance,299600000.0
puma,cash_flow,2022,Long Term Debt Issuance,0.0
puma,cash_flow,2025,Investing Cash Flow,-211000000.0
puma,cash_flow,2024,Investing Cash Flow,-230500000.0
puma,cash_flow,2023,Investing Cash Flow,-284600000.0
puma,cash_flow,2022,Investing Cash Flow,-240800000.0
puma,cash_flow,2025,Net Other Investing Changes,-27600000.0
puma,cash_flow,2024,Net Other Investing Changes,-7600000.0
puma,cash_flow,2023,Net Other Investing Changes,-36300000.0
puma,cash_flow,2022,Net Other Investing Changes,-10800000.0
puma,cash_flow,2025,Interest Received Cfi,13000000.0
puma,cash_flow,2024,Interest Received Cfi,31400000.0
puma,cash_flow,2023,Interest Received Cfi,37800000.0
puma,cash_flow,2022,Interest Received Cfi,32300000.0
puma,cash_flow,2025,Net PPE Purchase And Sale,-196400000.0
puma,cash_flow,2024,Net PPE Purchase And Sale,-254300000.0
puma,cash_flow,2023,Net PPE Purchase And Sale,-286100000.0
puma,cash_flow,2022,Net PPE Purchase And Sale,-262300000.0
puma,cash_flow,2025,Sale Of PPE,9900000.0
puma,cash_flow,2024,Sale Of PPE,8700000.0
puma,cash_flow,2023,Sale Of PPE,14300000.0
puma,cash_flow,2022,Sale Of PPE,1300000.0
puma,cash_flow,2025,Purchase Of PPE,-206300000.0
puma,cash_flow,2024,Purchase Of PPE,-263000000.0
puma,cash_flow,2023,Purchase Of PPE,-300400000.0
puma,cash_flow,2022,Purchase Of PPE,-263600000.0
puma,cash_flow,2025,Operating Cash Flow,-319300000.0
puma,cash_flow,2024,Operating Cash Flow,694800000.0
puma,cash_flow,2023,Operating Cash Flow,653600000.0
puma,cash_flow,2022,Operating Cash Flow,418300000.0
puma,cash_flow,2025,Taxes Refund Paid,-98800000.0
puma,cash_flow,2024,Taxes Refund Paid,-114400000.0
puma,cash_flow,2023,Taxes Refund Paid,-181300000.0
puma,cash_flow,2022,Taxes Refund Paid,-157400000.0
puma,cash_flow,2025,Dividend Received Cfo,400000.0
puma,cash_flow,2024,Dividend Received Cfo,400000.0
puma,cash_flow,2023,Dividend Received Cfo,0.0
puma,cash_flow,2025,Change In Working Capital,-429300000.0
puma,cash_flow,2024,Change In Working Capital,-69400000.0
puma,cash_flow,2023,Change In Working Capital,-129200000.0
puma,cash_flow,2022,Change In Working Capital,-343300000.0
puma,cash_flow,2025,Change In Payable,-385200000.0
puma,cash_flow,2024,Change In Payable,380300000.0
puma,cash_flow,2023,Change In Payable,-327900000.0
puma,cash_flow,2022,Change In Payable,613100000.0
puma,cash_flow,2025,Change In Inventory,-283300000.0
puma,cash_flow,2024,Change In Inventory,-218200000.0
puma,cash_flow,2023,Change In Inventory,352100000.0
puma,cash_flow,2022,Change In Inventory,-747000000.0
puma,cash_flow,2025,Change In Receivables,239200000.0
puma,cash_flow,2024,Change In Receivables,-231500000.0
puma,cash_flow,2023,Change In Receivables,-153400000.0
puma,cash_flow,2022,Change In Receivables,-209400000.0
puma,cash_flow,2025,Other Non Cash Items,138900000.0
puma,cash_flow,2024,Other Non Cash Items,115400000.0
puma,cash_flow,2023,Other Non Cash Items,85400000.0
puma,cash_flow,2022,Other Non Cash Items,50700000.0
puma,cash_flow,2025,Depreciation And Amortization,475100000.0
puma,cash_flow,2024,Depreciation And Amortization,386900000.0
puma,cash_flow,2023,Depreciation And Amortization,357500000.0
puma,cash_flow,2022,Depreciation And Amortization,358700000.0
puma,cash_flow,2025,Depreciation,475100000.0
puma,cash_flow,2024,Depreciation,386900000.0
puma,cash_flow,2023,Depreciation,357500000.0
puma,cash_flow,2022,Depreciation,358700000.0
puma,cash_flow,2025,Pension And Employee Benefit Expense,400000.0
puma,cash_flow,2024,Pension And Employee Benefit Expense,200000.0
puma,cash_flow,2023,Pension And Employee Benefit Expense,-1500000.0
puma,cash_flow,2022,Pension And Employee Benefit Expense,500000.0
puma,cash_flow,2025,Net Foreign Currency Exchange Gain Loss,87000000.0
puma,cash_flow,2024,Net Foreign Currency Exchange Gain Loss,-57400000.0
puma,cash_flow,2023,Net Foreign Currency Exchange Gain Loss,60100000.0
puma,cash_flow,2022,Net Foreign Currency Exchange Gain Loss,-43600000.0
puma,cash_flow,2025,Gain Loss On Sale Of PPE,1600000.0
puma,cash_flow,2024,Gain Loss On Sale Of PPE,200000.0
puma,cash_flow,2023,Gain Loss On Sale Of PPE,-3900000.0
puma,cash_flow,2022,Gain Loss On Sale Of PPE,1000000.0
puma,cash_flow,2025,Net Income From Continuing Operations,-493300000.0
puma,cash_flow,2024,Net Income From Continuing Operations,462300000.0
puma,cash_flow,2023,Net Income From Continuing Operations,478300000.0
puma,cash_flow,2022,Net Income From Continuing Operations,551700000.0
