,2025-12-31,2024-12-31,2023-12-31,2022-12-31,2021-12-31
Free Cash Flow,-525600000.0,431800000.0,353200000.0,154700000.0,
Repurchase Of Capital Stock,-59700000.0,-50000000.0,0.0,,
Repayment Of Debt,-76200000.0,-125000000.0,-59100000.0,-69500000.0,
Issuance Of Debt,1005800000.0,39000000.0,299600000.0,17900000.0,
Capital Expenditure,-206300000.0,-263000000.0,-300400000.0,-263600000.0,
End Cash Position,290000000.0,368200000.0,552900000.0,463100000.0,
Other Cash Adjustment Outside Changein Cash,,,,100000.0,-200000.0
Beginning Cash Position,368200000.0,552900000.0,463100000.0,757500000.0,
Effect Of Exchange Rate Changes,55200000.0,48800000.0,-2100000.0,4400000.0,
Changes In Cash,-133400000.0,-233500000.0,91900000.0,-298900000.0,
Financing Cash Flow,396900000.0,-697800000.0,-277100000.0,-476400000.0,
Net Other Financing Charges,100000.0,100000.0,-100000.0,8400000.0,
Interest Paid Cff,-119700000.0,-127200000.0,-94300000.0,-53800000.0,
Cash Dividends Paid,-89800000.0,-122800000.0,-122800000.0,-107700000.0,
Net Common Stock Issuance,-59700000.0,-50000000.0,0.0,,
Common Stock Payments,-59700000.0,-50000000.0,0.0,,
Net Issuance Payments Of Debt,929600000.0,-86000000.0,240500000.0,-51600000.0,
Net Short Term Debt Issuance,654600000.0,-86000000.0,-59100000.0,8400000.0,
Short Term Debt Payments,-76200000.0,-125000000.0,-59100000.0,-9500000.0,
Short Term Debt Issuance,730800000.0,39000000.0,0.0,17900000.0,
Net Long Term Debt Issuance,275000000.0,0.0,299600000.0,-60000000.0,
Long Term Debt Payments,,,0.0,-60000000.0,-68500000.0
Long Term Debt Issuance,275000000.0,0.0,299600000.0,0.0,
Investing Cash Flow,-211000000.0,-230500000.0,-284600000.0,-240800000.0,
Net Other Investing Changes,-27600000.0,-7600000.0,-36300000.0,-10800000.0,
Interest Received Cfi,13000000.0,31400000.0,37800000.0,32300000.0,
Net PPE Purchase And Sale,-196400000.0,-254300000.0,-286100000.0,-262300000.0,
Sale Of PPE,9900000.0,8700000.0,14300000.0,1300000.0,
Purchase Of PPE,-206300000.0,-263000000.0,-300400000.0,-263600000.0,
Operating Cash Flow,-319300000.0,694800000.0,653600000.0,418300000.0,
Taxes Refund Paid,-98800000.0,-114400000.0,-181300000.0,-157400000.0,
Dividend Received Cfo,400000.0,400000.0,0.0,,
Change In Working Capital,-429300000.0,-69400000.0,-129200000.0,-343300000.0,
Change In Payable,-385200000.0,380300000.0,-327900000.0,613100000.0,
Change In Inventory,-283300000.0,-218200000.0,352100000.0,-747000000.0,
Change In Receivables,239200000.0,-231500000.0,-153400000.0,-209400000.0,
Other Non Cash Items,138900000.0,115400000.0,85400000.0,50700000.0,
Depreciation And Amortization,475100000.0,386900000.0,357500000.0,358700000.0,
Depreciation,475100000.0,386900000.0,357500000.0,358700000.0,
Pension And Employee Benefit Expense,400000.0,200000.0,-1500000.0,500000.0,
Net Foreign Currency Exchange Gain Loss,87000000.0,-57400000.0,60100000.0,-43600000.0,
Gain Loss On Sale Of PPE,1600000.0,200000.0,-3900000.0,1000000.0,
Net Income From Continuing Operations,-493300000.0,462300000.0,478300000.0,551700000.0,
